Date, Open, High, Low, Close, Shares Traded, Turnover
14-JAN-2019,6272.4,6274.3,6233.95,6256.65,232178087,4212.98
15-JAN-2019,6271.35,6298.3,6270.15,6290.5,244437733,4533.56
16-JAN-2019,6294.55,6325.15,6270.65,6280,250657743,5173.68
17-JAN-2019,6290.55,6304.45,6243.9,6264.45,290935408,5898.26
18-JAN-2019,6279.85,6280.35,6227.3,6233.05,232833237,4543.34
21-JAN-2019,6241.25,6248.15,6180.95,6190.15,274809310,4956.28
22-JAN-2019,6180.85,6185.55,6131.85,6182.35,277008446,5887.45
23-JAN-2019,6188.1,6209.95,6162.3,6168,251920506,5112.19
24-JAN-2019,6176.45,6182.45,6137.8,6150.05,207521424,4366.63
25-JAN-2019,6165.45,6181.1,6054.65,6068.6,377390830,6171.22
28-JAN-2019,6061.05,6061.95,5941.2,5966.5,487237038,6376.37
29-JAN-2019,5949.95,5998.1,5932.15,5979.25,418721306,6490.67
30-JAN-2019,5998,6018.65,5964.8,6013.15,369250539,6512.93
31-JAN-2019,6031.2,6052.05,5991.95,6044.65,506115916,7899.72
01-FEB-2019,6068.4,6121.55,6028.9,6076.05,419482045,7879.18
04-FEB-2019,6072.3,6072.3,5999,6035.8,547005894,7835.77
05-FEB-2019,6035.65,6059.5,5971.6,5990.95,704497715,8239.96
06-FEB-2019,5993.75,6005.95,5934.45,5996.55,784893491,9405.16
07-FEB-2019,5998.25,6058,5995.75,6037.15,835313737,8686.27
08-FEB-2019,6021.7,6036.75,5960.9,5967.4,617103785,6992.34
11-FEB-2019,5961.1,5961.7,5868.25,5875.35,433466732,6313.32
12-FEB-2019,5874.05,5897.7,5854.8,5865.7,417735907,6719.7
13-FEB-2019,5884.4,5903.55,5838.95,5849.3,409659269,6662.76
14-FEB-2019,5843.3,5877.9,5814.55,5872.7,486844426,6273.13
15-FEB-2019,5871.95,5872.6,5788.6,5824.55,390441627,5840.92
18-FEB-2019,5824.1,5830.95,5755.35,5762.95,468142620,5523.07
19-FEB-2019,5767.25,5826.25,5766.15,5790.5,389574004,5286.16
20-FEB-2019,5813.55,5847.6,5802.85,5841.25,378101532,5790.18
21-FEB-2019,5858.2,5899.85,5840.25,5895.2,483913695,6464.32
22-FEB-2019,5895.9,5925.8,5892.75,5922.6,433276636,5648.58
25-FEB-2019,5941.4,5949.85,5928.65,5944.75,347590960,5340.5
26-FEB-2019,5888.45,5953.45,5823.8,5939.3,436424319,5993.09
27-FEB-2019,5970.35,6027.2,5914.5,5962.8,445692137,6308.48
28-FEB-2019,5986.1,6001.7,5950.95,5993,468948527,6332.66
01-MAR-2019,6014.85,6071.15,6013.15,6068.85,569383533,5805.66
05-MAR-2019,6078.4,6195.45,6076.1,6193.2,617877119,8017.54
06-MAR-2019,6225.95,6257.8,6206.05,6219.9,572034702,8837.14
07-MAR-2019,6237.75,6245.3,6197.3,6204,528975976,7526.05
08-MAR-2019,6202.6,6217.2,6171.95,6197.55,396572688,5819.75
11-MAR-2019,6217.75,6320.65,6217.5,6317.8,440736821,7173.34
12-MAR-2019,6353.8,6391.45,6341.4,6354,430645759,7806.7
13-MAR-2019,6365.2,6369.35,6317.25,6324.3,354244239,6114.66
14-MAR-2019,6344.1,6356.4,6304.4,6324.6,463136562,7274.65
15-MAR-2019,6344.9,6372.1,6339.6,6364.85,671960098,10752.41
18-MAR-2019,6386.35,6397.15,6329.15,6343.75,479095488,6472.63
19-MAR-2019,6372.2,6391.85,6349.85,6378.45,572965192,8441.91
20-MAR-2019,6388.75,6389.85,6343.65,6353.5,465000642,7376.85
22-MAR-2019,6359,6383.2,6320.2,6327.05,411719907,6308.18
25-MAR-2019,6286.05,6296.7,6252.25,6276.5,408205509,6323.79
26-MAR-2019,6295.95,6341.25,6290.2,6336.9,533866944,7195.49
27-MAR-2019,6360.95,6394.1,6351.45,6371.85,536844179,7877.78
28-MAR-2019,6387.25,6462.6,6381.2,6442.95,575896018,9115.52
29-MAR-2019,6471.35,6509,6463.65,6503.95,662063367,8741.04
01-APR-2019,6530.05,6563.45,6511.3,6522.55,468289318,7432.42
02-APR-2019,6541.8,6546.65,6497.4,6525.2,512851512,7600.41
03-APR-2019,6543.25,6567.1,6453.6,6462.75,451112861,7201.46
04-APR-2019,6472.35,6480.8,6424.5,6453.6,420264208,6566.56
05-APR-2019,6470.75,6502.9,6467.7,6497.9,351953653,6041.06
08-APR-2019,6519.65,6520.85,6429.4,6451.9,337645853,5628.43
09-APR-2019,6457,6462.25,6399.7,6457.55,346678612,5330.35
10-APR-2019,6453.1,6478.6,6437.45,6445.95,304376816,5253.2
11-APR-2019,6449.85,6462.7,6419.45,6448.65,342692785,5161
12-APR-2019,6454.05,6477.2,6447.95,6472.75,318145888,5057.73
15-APR-2019,6493.45,6514.6,6485.3,6505.2,265362743,4664.29
16-APR-2019,6520.25,6529.45,6508.5,6513.1,253174474,4486.85
18-APR-2019,6526.25,6530.05,6441.2,6458.25,404436417,5885.65
22-APR-2019,6443.75,6443.8,6353.2,6360.35,342234872,4645.49
23-APR-2019,6367,6394.4,6341.95,6367.2,405141680,5726.82
24-APR-2019,6382.8,6392.4,6351.35,6384.3,370035005,5396.26
25-APR-2019,6395.65,6417.75,6354.3,6360.15,396683444,5910.67
26-APR-2019,6377.05,6380.4,6318.4,6342.75,360152856,5053.16
30-APR-2019,6340.4,6341.65,6243.7,6292.4,479578702,5561.65
02-MAY-2019,6279.4,6305.8,6246.25,6256.85,516094954,6040.22
03-MAY-2019,6260.55,6286.15,6230.05,6254.5,456827315,5092.23
06-MAY-2019,6217.45,6237.75,6197.75,6209.45,412241650,5179.71
07-MAY-2019,6234.25,6241,6142,6148.85,379658827,4931.05
08-MAY-2019,6129,6140.5,6082.25,6093.7,398582705,5454.48
09-MAY-2019,6083.65,6095.6,6047.6,6080.4,373570170,4909.56
10-MAY-2019,6086.35,6117.85,6079.6,6102.55,319088352,5318.84
13-MAY-2019,6091.55,6094.45,5977.7,5984.8,368839378,4817.65
14-MAY-2019,5972.15,6021.25,5920,6007.95,461907938,6292.34
15-MAY-2019,6022.05,6040.15,5964.8,5975.85,352743616,5640.64
16-MAY-2019,5984.3,5999.1,5947.2,5991.5,367221240,5630.06
17-MAY-2019,5994.85,6055.45,5986.5,6049.55,359994245,5457.67
20-MAY-2019,6195.5,6276.05,6162.6,6270.4,544725598,7000.51
21-MAY-2019,6286.2,6289.15,6194.25,6210.15,381889575,5663.33
22-MAY-2019,6219.6,6224.8,6158.05,6212.4,496745002,5748.06
23-MAY-2019,6295.4,6345.25,6190,6205.4,681749487,7455.43
24-MAY-2019,6234.9,6330.7,6211.1,6323.25,536044244,8634.88
27-MAY-2019,6343.35,6427.45,6332.65,6425.6,432094712,6900.32
28-MAY-2019,6445.9,6452.75,6414.2,6439.65,642971137,8463.48
29-MAY-2019,6432.75,6435.4,6384.45,6400.15,389432951,5638.05
30-MAY-2019,6407.55,6443.65,6396.8,6438.25,462232979,6128.08
31-MAY-2019,6455.85,6482.6,6402.6,6442.2,464068115,6594.55
03-JUN-2019,6446.65,6500.3,6419.1,6495.05,359224307,5589.1
04-JUN-2019,6487.15,6535.7,6480.5,6488.8,390852550,6338.26
06-JUN-2019,6487.5,6487.5,6385.15,6393,511248995,6702.62
07-JUN-2019,6394.5,6420.5,6331.7,6383.95,540968319,6440.89
10-JUN-2019,6410.5,6431,6360.35,6391.6,602982286,5796.69
11-JUN-2019,6403.8,6434.7,6368.2,6429.3,484990306,5574.32
12-JUN-2019,6424.65,6427.05,6372.75,6376.55,385960893,4627.48
13-JUN-2019,6363.05,6372.35,6302.65,6358.8,410502053,4711.32
14-JUN-2019,6353.05,6363.55,6290.7,6306.35,382954617,5450.74
17-JUN-2019,6309.05,6310.15,6225.7,6231.1,392575539,5098.42
18-JUN-2019,6233.65,6264.1,6203.7,6223.5,441988985,4949.93
19-JUN-2019,6246.6,6270.45,6142.15,6166.85,616851018,5893.55
20-JUN-2019,6165.85,6259.8,6128.2,6250.55,540592213,5465.88
21-JUN-2019,6250.3,6261.8,6211.55,6252.65,490277612,5983.45
24-JUN-2019,6254.85,6260,6226.65,6236.25,433567157,5468.63
25-JUN-2019,6228.95,6279.55,6218.7,6275.95,484730570,5960.73
26-JUN-2019,6266.1,6329.65,6261.1,6323.85,600950495,6714.49
27-JUN-2019,6333.15,6363.6,6329.65,6355.3,605495372,7190.57
28-JUN-2019,6361.05,6363.1,6328.95,6346.55,545476801,6903.57
01-JUL-2019,6364.35,6378.4,6347.7,6360.05,468229118,5868.76
02-JUL-2019,6378.2,6383.25,6334,6378.9,518424514,6109.99
03-JUL-2019,6387.55,6397.4,6371.25,6388.45,393271466,5284.74
04-JUL-2019,6398.15,6411.6,6373.95,6379.35,366029679,4985.65
05-JUL-2019,6394,6394.85,6270.9,6283.45,396568584,5650.24
08-JUL-2019,6252.95,6258.95,6108.55,6130.45,438812485,6130.26
09-JUL-2019,6116.15,6155.7,6088.75,6148.7,471023703,6425.34
10-JUL-2019,6155.05,6177.35,6088.7,6095.25,372164977,4987.84
11-JUL-2019,6118.65,6142.85,6097.65,6138.3,415314515,5144.82
12-JUL-2019,6145.4,6187.95,6138.75,6161.8,541803233,7230.12
15-JUL-2019,6173.2,6176.8,6097.85,6118.3,376703307,4525.34
16-JUL-2019,6121.1,6160.05,6108.65,6158.15,394697237,5495.5
17-JUL-2019,6162.2,6176.25,6127.75,6142.8,389232724,5189.94
18-JUL-2019,6136.35,6138.1,6048.1,6054.8,381905642,5518.83
19-JUL-2019,6075.75,6085.75,5930.85,5942.95,449123361,6939.19
22-JUL-2019,5927.75,5931.1,5854.75,5904.9,385449737,5515.67
23-JUL-2019,5911.55,5922.35,5862.7,5883.9,441532603,5714.43
24-JUL-2019,5883.85,5899.8,5794.45,5803.5,449067221,6612.51
25-JUL-2019,5803.9,5844.95,5803,5830.5,492343985,6347.6
26-JUL-2019,5828.85,5866.25,5807.1,5857.9,413641848,5119.71
29-JUL-2019,5859.65,5866.3,5796.3,5807.8,376716733,4917.29
30-JUL-2019,5812.95,5840,5704.85,5713.15,476354471,6454.47
31-JUL-2019,5686.85,5778.85,5645.65,5772.9,474595127,5787.01
01-AUG-2019,5755.8,5786.6,5678.85,5720.85,431544929,5449.85
02-AUG-2019,5683.7,5750.7,5634.75,5713.2,464617947,5739.41
05-AUG-2019,5672.6,5672.6,5578.4,5634.05,444823425,5231.49
06-AUG-2019,5608.25,5741,5608.1,5733.3,434842521,6367.3
07-AUG-2019,5741.2,5782,5697.6,5707.35,425431542,5889.76
08-AUG-2019,5719.8,5753,5681.6,5742.95,410229742,5086.11
09-AUG-2019,5768.6,5829.4,5768.15,5798.2,431077725,5994.24
13-AUG-2019,5807.85,5809.05,5685.15,5692.85,351705304,4816.04
14-AUG-2019,5719.35,5747.95,5683.7,5740.6,381549240,5161.52
16-AUG-2019,5720.4,5762.45,5682.65,5757.2,376072010,5325.41
19-AUG-2019,5771.8,5798.55,5760.3,5774.5,347712197,4372.26
20-AUG-2019,5778.05,5779.1,5708.15,5732.8,314603037,4517.13
21-AUG-2019,5729.35,5731.45,5643.4,5655.1,335950438,4230.56
22-AUG-2019,5642.35,5644.35,5547.7,5558.95,462880242,5836.79
23-AUG-2019,5540.7,5619.3,5492.95,5607.9,463714923,5239.29
26-AUG-2019,5699.35,5705.9,5574.5,5682.95,497807742,5298.24
27-AUG-2019,5707.35,5747.25,5699.05,5731.65,468382335,5728.16
28-AUG-2019,5739.65,5760.75,5665.7,5682.7,378898899,5648.68
29-AUG-2019,5678.3,5683.55,5621.05,5659.8,422087639,5447.31
30-AUG-2019,5676.1,5719.25,5648.9,5712.7,394455553,5048.74
03-SEP-2019,5683.1,5694.6,5618.05,5626.85,405636227,4625.2
04-SEP-2019,5626.85,5651.15,5589.4,5646.5,370366845,4757.36
05-SEP-2019,5656.95,5680.05,5649.4,5659.95,382213856,4304.36
06-SEP-2019,5673.2,5703.25,5660.1,5696.7,355985634,4822.4
09-SEP-2019,5702.45,5761.35,5686.6,5758,366612557,5119.21
11-SEP-2019,5766,5809.95,5765.95,5803.45,417846663,5788.76
12-SEP-2019,5821.55,5838.15,5782.85,5787.5,469044730,6221.69
13-SEP-2019,5805.4,5821.05,5753.85,5817.6,389150291,4913.79
16-SEP-2019,5802,5839.1,5789.2,5812.4,351840638,5446.98
17-SEP-2019,5820.8,5836.9,5696.65,5707.4,393492631,5714.81
18-SEP-2019,5730.95,5752.5,5691.7,5726.75,342041332,4858.52
19-SEP-2019,5737.1,5738.1,5626.5,5641.15,364744207,4532.99
20-SEP-2019,5658.95,5965.9,5612.6,5959.15,849075735,12146.93
23-SEP-2019,6038,6159.8,6036.05,6121.55,627668016,9321.84
24-SEP-2019,6141.3,6157.2,6065.7,6090.7,464658688,6337.36
25-SEP-2019,6083.3,6084.75,5981.25,5993.95,459541740,5682.18
26-SEP-2019,6001.8,6053.4,5999.45,6041.65,503427767,6588.93
27-SEP-2019,6043.8,6052.25,5979.8,5989.75,300240323,4855.97
30-SEP-2019,5995.2,5996,5869.75,5912.2,338946242,4965.25
01-OCT-2019,5922.25,5938.95,5744.35,5815.55,416992856,6363.6
03-OCT-2019,5799.4,5841.9,5768.6,5810.65,299631968,4707.76
04-OCT-2019,5835.15,5848,5753.2,5764.15,302500576,4508.51
07-OCT-2019,5768.45,5773.6,5710.4,5748.2,308840365,4101.85
09-OCT-2019,5755.2,5815.95,5723,5813.65,346231013,5048.37
10-OCT-2019,5804.65,5816.6,5753.5,5758.8,290842117,4412.67
11-OCT-2019,5772.8,5805.8,5734.35,5771.1,311059057,4731.92
14-OCT-2019,5791.15,5821.65,5777.35,5786.7,284883816,4511.56
15-OCT-2019,5796.35,5814.75,5774.7,5803.55,318387609,5299.28
16-OCT-2019,5818.3,5834.2,5783.4,5793.3,333433179,5181.68
17-OCT-2019,5800.3,5894.45,5790.35,5888.7,338440463,5867.49
18-OCT-2019,5896.4,6001.05,5889.5,5991.95,604656913,8195.72
22-OCT-2019,5994,6033.75,5986.7,5999,376659412,6429.34
23-OCT-2019,6007.05,6034,5975.45,6006.55,347651178,6654.35
24-OCT-2019,6026.35,6039.2,5972.6,5994.15,342960913,5857.73
25-OCT-2019,6007.7,6014.4,5966.15,5985.4,318642597,5292.84
27-OCT-2019,6019.85,6043.75,6017.9,6033,37200837,646.69
29-OCT-2019,6043,6113.15,6028.7,6093.5,336981200,5851.17
30-OCT-2019,6121.2,6134.3,6097.25,6122.35,373039143,5836.08
31-OCT-2019,6147.6,6212.7,6146.65,6201.65,478154538,8051.29
01-NOV-2019,6215.4,6252.55,6211.35,6222.5,394203069,6422.9
04-NOV-2019,6250.15,6274,6211.3,6216.3,427879491,6365.85
05-NOV-2019,6234.45,6237.4,6148.25,6158.45,349164780,6643.81
06-NOV-2019,6165.65,6175.6,6136.8,6150.6,394508914,6356.09
07-NOV-2019,6189.75,6197.45,6167.5,6191.5,425072897,6848.47
08-NOV-2019,6197.35,6216.35,6147.8,6153.5,364848485,7106.32
11-NOV-2019,6154.75,6191.75,6149.7,6186.45,315062530,5851.7
13-NOV-2019,6194.75,6206.25,6127,6137.8,370686641,7793.5
14-NOV-2019,6146.95,6162.25,6109.35,6153,343693063,6929.06
15-NOV-2019,6171.7,6196.85,6151.9,6169.8,404167352,6772.88
18-NOV-2019,6184.65,6216.25,6171.75,6210.8,327596562,6524.34
19-NOV-2019,6223.4,6232.65,6205.15,6227.6,373988694,5985.7
20-NOV-2019,6245.9,6256.1,6224.3,6238,374825091,5936.01
21-NOV-2019,6246.5,6252.9,6189.4,6193,338383816,5738.11
22-NOV-2019,6198.3,6200.4,6155.8,6196.5,333493255,5627.59
25-NOV-2019,6206.7,6260.6,6202.95,6256.85,333113072,5557.92
26-NOV-2019,6278.6,6292.5,6203.15,6210.4,406456493,8664.43
27-NOV-2019,6224.55,6261.25,6215.95,6255.3,270117142,5612.48
28-NOV-2019,6266.25,6311.2,6258.1,6307.55,417034656,6897.48
29-NOV-2019,6314.8,6351.75,6291.2,6321.65,413861876,6035.59
02-DEC-2019,6328.5,6331.55,6268.2,6288.2,270191985,4872.58
03-DEC-2019,6297.95,6305.15,6217.2,6230.55,306467593,5748.98
04-DEC-2019,6218.3,6271.2,6203.5,6267.7,300270199,5435.65
05-DEC-2019,6280.4,6281.4,6243.9,6253.95,259945493,4990.06
06-DEC-2019,6269.15,6269.15,6154.3,6174.4,310558259,5540.86
09-DEC-2019,6181,6224.1,6148,6176.25,261537630,4927.23
10-DEC-2019,6176.75,6185.9,6095.6,6108.15,253672756,4499.37
11-DEC-2019,6116,6147.45,6106.3,6142.75,259266702,4650.27
12-DEC-2019,6161.5,6199.4,6157.65,6186.5,260703460,4664.64
13-DEC-2019,6205.15,6248.7,6204.35,6243,348893265,5902.37
16-DEC-2019,6260.6,6267.4,6207.75,6215.8,252439242,4524.36
17-DEC-2019,6230.45,6250.3,6216,6247.15,307629846,5473.32
18-DEC-2019,6257,6260.85,6209.75,6231,277155331,5023.62
19-DEC-2019,6229.5,6246.7,6216.25,6240,259374539,4965.82
20-DEC-2019,6245.15,6261.7,6232.65,6239.15,312818112,5285.53
23-DEC-2019,6237.3,6262.5,6215.05,6228.1,264432230,4598.61
24-DEC-2019,6236.25,6244.3,6216.15,6221.1,217935668,3652.65
26-DEC-2019,6230.5,6236.45,6222.2,6229.8,283119802,4250.43
27-DEC-2019,6247.05,6291.4,6246.3,6285.95,270108189,5095.72
30-DEC-2019,6297,6316.45,6289.55,6311.8,221032726,4480.76
31-DEC-2019,6312.55,6334.2,6309.05,6321.6,212952890,4389.87
01-JAN-2020,6335.7,6353.2,6321.15,6343.95,206309865,3730.38
02-JAN-2020,6354.7,6425.3,6350.6,6422.85,404497702,6515.13
03-JAN-2020,6420,6430.65,6377.2,6394.5,315929517,5078.01
06-JAN-2020,6370.5,6373,6251,6258.8,291452425,4716.06
07-JAN-2020,6296.45,6349.65,6274.5,6303.85,304472313,5463.22
08-JAN-2020,6248.45,6319.7,6229.75,6315.4,323114650,5299.43
09-JAN-2020,6370.75,6413.1,6369.4,6403.55,333013142,6789.81
10-JAN-2020,6422.45,6461.7,6413.6,6422.95,326702119,6342.78
13-JAN-2020,6450.05,6473.9,6449,6465.75,248560359,4862.04
14-JAN-2020,6481,6515.65,6472.75,6511.1,303122507,6960.28
15-JAN-2020,6514.5,6577.2,6505.85,6571.15,355724664,7903.86
16-JAN-2020,6592.65,6629.95,6591.2,6625.75,359972718,7624.07
17-JAN-2020,6629.7,6666.05,6618,6655.8,280696676,6596.99
20-JAN-2020,6678.4,6680.05,6621.4,6626.65,304428580,6004.06
21-JAN-2020,6607.15,6640.05,6598.8,6619.45,297178177,5941.36
22-JAN-2020,6654.15,6654.4,6601.45,6606.05,260599147,5601.79
23-JAN-2020,6616.65,6701,6614.75,6689.7,331927424,7577.15
24-JAN-2020,6695.45,6753.35,6681.75,6742.45,308345075,7520
27-JAN-2020,6726.3,6794.1,6716.65,6732.3,283804286,6254.8
28-JAN-2020,6741.55,6763.3,6703.25,6721.15,271832882,6200.49
29-JAN-2020,6759.4,6782.85,6726.75,6739.45,296244230,7417.41
30-JAN-2020,6756.65,6757.35,6675.3,6691.15,345008090,7565.56
31-JAN-2020,6714.25,6719.8,6645.6,6661.75,326809155,6477.69
01-FEB-2020,6649.65,6703.9,6488.3,6503.3,301123740,5553.19
03-FEB-2020,6485.95,6588.2,6464.45,6559.65,303838469,6814.32
04-FEB-2020,6586.6,6642.4,6585.1,6630.75,300949389,7119.96
05-FEB-2020,6659.65,6726.35,6653.3,6702.25,337091013,8079.64
06-FEB-2020,6728.45,6757.5,6698.6,6740.1,333995697,7558.74
07-FEB-2020,6760.95,6798.7,6742.55,6792.2,282892177,7963.06
10-FEB-2020,6808.2,6808.2,6733.9,6746.25,266155709,6152.82
11-FEB-2020,6774.1,6795,6740.7,6751.2,275827287,6360.4
12-FEB-2020,6769.2,6777.6,6728.85,6740.1,280725452,6058.46
13-FEB-2020,6748.45,6749.9,6705.85,6732.3,252580994,5721.91
14-FEB-2020,6750.35,6765.6,6680.15,6690.35,265990994,6009.68
17-FEB-2020,6703.55,6706.15,6627.5,6630.65,338061250,9420.49
18-FEB-2020,6622.15,6623.25,6529.6,6592.6,345709683,8732.82
19-FEB-2020,6632.35,6691.55,6630.25,6687.65,272833616,6428.62
20-FEB-2020,6698.65,6765.2,6688.35,6738.1,361696514,9498.64
24-FEB-2020,6713.85,6713.85,6614,6620.55,340440247,7176.3
25-FEB-2020,6634.7,6672.7,6580.7,6591.25,314158812,6425.59
26-FEB-2020,6569.95,6580.2,6500.3,6515.5,313762060,6461.64
27-FEB-2020,6519.2,6519.5,6414.4,6469.3,323536102,6158.26
28-FEB-2020,6329.3,6333.8,6219.55,6276,472925589,8438.24
02-MAR-2020,6351.55,6416.9,6200.6,6234.45,394575180,7466.49
03-MAR-2020,6286.35,6360.75,6251.55,6342.05,332435614,7184.76
04-MAR-2020,6355.65,6370.55,6156.9,6244.95,381742374,7301.57
05-MAR-2020,6278,6303.45,6212.3,6260.15,331713937,6052.34
06-MAR-2020,6049.1,6143.4,5987.35,6135.45,360619755,6891.69
09-MAR-2020,6002.6,6019.05,5801.45,5878.6,424818932,6788.25
11-MAR-2020,5863.3,5953.25,5811.45,5835.15,415654195,6853.98
12-MAR-2020,5597.8,5613.75,5323.15,5378.45,681855004,8477.53
13-MAR-2020,4907.45,5529.15,4795.25,5501.75,624409858,7872.09
16-MAR-2020,5305.5,5345.15,5165.75,5179.45,435203320,6059.97
17-MAR-2020,5183.15,5236.8,5044.05,5053.75,408270203,6206.92
18-MAR-2020,5101.85,5132.15,4735.8,4782.15,533810546,6768.46
19-MAR-2020,4553.55,4689.55,4418.7,4590.2,549402584,7011.03
20-MAR-2020,4618.5,4826.4,4562.55,4790.3,547213472,7062.35
23-MAR-2020,4381.1,4504.05,4158.6,4165.9,273608001,3593.89
24-MAR-2020,4282.55,4319.15,4088.05,4208.9,340947273,4672.29
25-MAR-2020,4136.65,4355.3,4136.65,4347.05,302919508,4804.5
26-MAR-2020,4390.55,4574.2,4340.2,4506.8,395796854,5703.43
27-MAR-2020,4646.8,4693.2,4431.15,4489.05,411075613,5385.5
30-MAR-2020,4407.7,4439.85,4337.15,4383.25,280902635,4432.83
31-MAR-2020,4472.4,4507.35,4398.1,4493.25,328058365,4711.06
01-APR-2020,4504.9,4510.3,4380.8,4411.65,281273592,4283.14
03-APR-2020,4435.6,4439.75,4339.85,4352.35,327874196,5147.12
07-APR-2020,4498.2,4567.05,4440.65,4561.85,443173504,6789.2
08-APR-2020,4557.6,4762.4,4528.8,4637.1,506885256,7752.5
09-APR-2020,4726.8,4796.4,4721.85,4786.25,476771689,6777.03
13-APR-2020,4823.35,4823.35,4676.2,4733.05,392332037,6254.58
15-APR-2020,4796.3,4893.45,4758.9,4795.6,494383395,8515.24
16-APR-2020,4786.05,4886.7,4761.95,4869.9,391835322,7137.77
17-APR-2020,5002.5,5036.35,4935.4,4978.15,503481544,8220.19
20-APR-2020,5034.55,5067.15,4978.35,5001.85,553285193,7402.42
21-APR-2020,4926.5,4926.5,4836.95,4856.8,382784879,5954.6
22-APR-2020,4854.05,4898.4,4796,4890.55,398556791,6094.35
23-APR-2020,4924.15,5009.05,4922.3,4945.55,434854493,7516.24
24-APR-2020,4904.75,4934.3,4853.85,4859.25,469412363,7795.74
27-APR-2020,4913.05,4947.95,4904.65,4941,386224462,7477.97
28-APR-2020,4990.8,5008.15,4934.25,4996.9,411924195,7837.68
29-APR-2020,5026.35,5068.3,5015.3,5058.3,465354757,6980.32
30-APR-2020,5132.65,5188.3,5127.05,5149.6,672655398,9442.59
04-MAY-2020,5015.05,5017.3,4928.3,4950.3,529578466,6551.26
05-MAY-2020,5016.75,5042.5,4912.15,4918.05,455893065,6384.6
06-MAY-2020,4943.7,4974.35,4874.95,4943.65,451780796,7070.82
07-MAY-2020,4934.5,4985.95,4914.8,4919.85,391776632,5917.1
08-MAY-2020,4978.75,4989.15,4895.45,4902.25,415324654,6378.28
11-MAY-2020,4942.8,4966.15,4913.35,4921.85,402609242,6268.48
12-MAY-2020,4908.8,4910.35,4827.1,4889.6,404521884,5717.8
13-MAY-2020,5058.55,5058.55,4937.05,4983.1,915726209,8911.86
14-MAY-2020,4960.1,5006.55,4941.5,4960.85,772603622,7737.87
15-MAY-2020,4987.65,4989.6,4933.15,4948.05,543262346,7403.66
18-MAY-2020,4967,4967.45,4747.75,4753.85,572536760,7705.4
19-MAY-2020,4811.2,4828.9,4755.75,4766.7,539119582,7106.18
20-MAY-2020,4774.6,4844.35,4766.75,4834.15,505437083,5974.99
21-MAY-2020,4860.2,4915.7,4854,4873.9,435321710,6379.27
22-MAY-2020,4868.2,4904.8,4811.75,4849,466413250,6453.48
26-MAY-2020,4882.05,4909.45,4863.25,4903.8,526135094,6911.96
27-MAY-2020,4927,4928.1,4866.9,4920.5,572479557,7756.07
28-MAY-2020,4946.2,4997.55,4940.95,4991,595945552,7244.02
29-MAY-2020,4976.05,5071.35,4965.1,5053.7,1064541804,16973.88
01-JUN-2020,5120.5,5215.1,5118.65,5199.9,759904105,10440.23
02-JUN-2020,5236.1,5274.9,5224.75,5269.55,653417303,9426.08
03-JUN-2020,5337.15,5368.75,5289.1,5305.55,779102123,10402.74
04-JUN-2020,5321.05,5364.1,5257.65,5293.15,672510506,9284.4
05-JUN-2020,5334.45,5391.1,5315.35,5385.65,720259410,8878.09
08-JUN-2020,5464.45,5476.9,5392.25,5409.85,801720957,9833.64
09-JUN-2020,5452.55,5473.2,5364.35,5384.15,826415865,10067.44
10-JUN-2020,5404.9,5451.65,5385.05,5443.85,752385490,9264.7
11-JUN-2020,5456.15,5494.65,5368.65,5375.75,776995830,10123.4
12-JUN-2020,5165.6,5435.7,5165.35,5426.05,686813942,9285.95
15-JUN-2020,5434.35,5466.55,5360,5369.45,621904834,8553.56
16-JUN-2020,5458.35,5467.2,5320.5,5399.55,664827815,9444.64
17-JUN-2020,5391.55,5445.1,5383,5418.05,531544895,8188.3
18-JUN-2020,5423,5488.65,5416.3,5483.8,735732411,10040.02
19-JUN-2020,5516.95,5554.85,5498.35,5553.35,780498729,12291.81
22-JUN-2020,5605.55,5654.5,5600.9,5639.55,941399392,15364.2
23-JUN-2020,5685.6,5735.5,5653.6,5730.25,820199619,12553.98
24-JUN-2020,5780.35,5786.5,5652.8,5667.95,1086889474,13799.73
25-JUN-2020,5632.3,5725.95,5604.2,5721.95,852122567,11532.39
26-JUN-2020,5763,5779.4,5720,5726.45,1863047880,11765.64
29-JUN-2020,5714,5714,5619.2,5642.6,1700316853,9817.82
30-JUN-2020,5680.6,5692.45,5612.35,5626.2,1575204543,9896.4
01-JUL-2020,5632.2,5648.55,5602.3,5640.35,1067385885,9935.05
02-JUL-2020,5671.25,5711.1,5666.2,5701.25,1024755657,9451.96
03-JUL-2020,5739.9,5755.05,5706.35,5739.35,979783869,9954.53
06-JUL-2020,5781.75,5835,5774.05,5829.95,1047509851,10610.39
07-JUL-2020,5846.9,5866.25,5802.35,5859.55,1045021245,12062
08-JUL-2020,5884.35,5900.7,5814.5,5826.05,1468211375,12381.04
09-JUL-2020,5848.95,5860,5819.1,5835.75,918783391,8354.27
10-JUL-2020,5820.7,5850.2,5763.05,5796.75,1485263507,9056.96
13-JUL-2020,5839.3,5852.6,5773.55,5785.25,910659244,8584.04
14-JUL-2020,5772.85,5775,5690.25,5721.95,874267385,8368.07
15-JUL-2020,5759.95,5780.75,5690.45,5702.3,1028575271,8488
16-JUL-2020,5725.35,5730.5,5642.1,5724.85,1525692538,8373.96
17-JUL-2020,5745.2,5798.05,5742.8,5791.25,1363260579,8592.5
20-JUL-2020,5819.4,5859.3,5817.4,5845.1,1597725926,10344.7
21-JUL-2020,5896.15,5901.75,5848.45,5853.4,1126313003,8716.05
22-JUL-2020,5869.15,5891.25,5820.9,5851.6,1142652184,9660.97
23-JUL-2020,5866.4,5904.6,5861.2,5892.5,617297400,7146.69
24-JUL-2020,5871.55,5892.95,5837.15,5879.35,798967681,8881.27
27-JUL-2020,5896.85,5903.1,5805.5,5812.8,607094541,7432.78
28-JUL-2020,5826.7,5862.1,5824.4,5855.45,675961539,7629.09
29-JUL-2020,5875.65,5923.65,5863.15,5881.05,964337080,8712.26
30-JUL-2020,5906.35,5915.55,5826.7,5837,826007610,8990.01
31-JUL-2020,5852.7,5876.55,5821.45,5866.7,846109512,8652.15
03-AUG-2020,5877.55,5912.6,5865.05,5870.4,880781407,8306.79
04-AUG-2020,5903.95,5940.5,5888.4,5929.5,769666848,8507.04
05-AUG-2020,5973.4,6004.85,5947.75,5960.15,818150015,9245.9
06-AUG-2020,5987.5,6032.35,5980.85,6026.65,742399385,9485.7
07-AUG-2020,6051.55,6112.9,6043.85,6102.65,1334570067,13102.09
10-AUG-2020,6161.8,6193.1,6154.4,6176.55,986845350,11109.24
11-AUG-2020,6212.4,6222.3,6148.6,6154.3,771602482,9528.6
12-AUG-2020,6145.55,6169.8,6120.85,6156.65,715153850,8729.97
13-AUG-2020,6191.45,6254.35,6189.95,6246.25,1099815498,12248.02
14-AUG-2020,6271.35,6298.1,6157.55,6199.3,1048706268,12434.69
17-AUG-2020,6250.8,6256.9,6184.7,6225.7,562156001,9006.56
18-AUG-2020,6247.7,6311.8,6247.05,6305.3,715957017,8744.57
19-AUG-2020,6339.6,6366.2,6338.1,6348.9,853472136,10483.35
20-AUG-2020,6320.75,6405.1,6301.65,6399.4,921839744,11176.24
21-AUG-2020,6450.7,6487.25,6440.55,6446.75,984564081,11275.84
24-AUG-2020,6490.55,6532.6,6488,6504.45,1132334622,9901.74
25-AUG-2020,6550.8,6565.45,6499.1,6526.45,856708343,12385.78
26-AUG-2020,6554.5,6575.2,6549.45,6559.8,752324972,11287.31
27-AUG-2020,6599.65,6613.35,6564.1,6570.4,913078289,11848.05
28-AUG-2020,6612.65,6636.8,6599.4,6609.4,2357212751,14979.67
31-AUG-2020,6657.4,6670.9,6330.55,6362.05,1719051051,15683.55
01-SEP-2020,6373.35,6449.45,6315,6410.5,2418904400,11564.48
02-SEP-2020,6436.05,6517.5,6421.8,6506.7,998165441,8761.79
03-SEP-2020,6540.8,6571.75,6537.2,6562.15,1967089784,9590.12
04-SEP-2020,6445.5,6522.55,6420.75,6459.85,2160731832,9591.94
07-SEP-2020,6480.95,6500.45,6387.45,6414.65,1765500811,8884.6
08-SEP-2020,6433.75,6445.6,6314.3,6336.8,927850784,8243.67
09-SEP-2020,6279.85,6311.15,6221.2,6298.4,878182867,8775.93
10-SEP-2020,6346.85,6393.6,6314.8,6370,773983757,7837.98
11-SEP-2020,6382.3,6411.25,6370.3,6408.05,584093744,7896.58
14-SEP-2020,6485.1,6620.55,6482.4,6582.85,974209646,12438.34
15-SEP-2020,6623.75,6670.1,6619.55,6662.1,1230696730,10338.6
16-SEP-2020,6690.55,6700.5,6656.55,6683.25,589620641,8661.71
17-SEP-2020,6655.5,6694.15,6634.6,6656.4,566370886,6793.43
18-SEP-2020,6694.25,6708.85,6634.25,6646.2,858567846,13615.67
21-SEP-2020,6660.95,6675.75,6395.45,6419.75,842206216,10159.33
22-SEP-2020,6411.35,6418.7,6189,6312.75,1081906661,9960.65
23-SEP-2020,6361.7,6393.35,6224.2,6289.35,1117315256,8351.5
24-SEP-2020,6217.7,6217.75,6140.7,6156.7,1015374041,8833.15
25-SEP-2020,6214.2,6319.5,6166.45,6309.85,1312414062,11127.73
28-SEP-2020,6374.6,6490.25,6366.85,6481.5,1007684331,10242.73
29-SEP-2020,6523.35,6537.4,6437.2,6473.95,1058353208,10765.56
30-SEP-2020,6496.4,6501.15,6452.55,6481.45,803326637,8429.6
01-OCT-2020,6532.55,6556.25,6517.7,6530.1,723516489,7877.59
05-OCT-2020,6564.45,6573.9,6508.75,6525,800951179,8363.94
06-OCT-2020,6567.1,6581.8,6541.65,6560.7,593919670,7497.13
07-OCT-2020,6569.6,6569.8,6515.5,6525.1,638562590,8077.4
08-OCT-2020,6552.9,6567.55,6494.2,6517.95,715859962,9051.15
09-OCT-2020,6532.4,6546.8,6495,6502.45,612405668,8713.99
12-OCT-2020,6522.1,6544.65,6451.8,6469.65,576408453,8048.78
13-OCT-2020,6466.5,6481.8,6432.85,6439.25,483934570,7630.73
14-OCT-2020,6437.5,6445.9,6390,6429.15,620629799,8334.46
15-OCT-2020,6441.9,6469.3,6320.7,6331.65,631403282,7991.54
16-OCT-2020,6358.55,6401.1,6319.4,6396,551777342,8092.95
19-OCT-2020,6434.45,6442.45,6391,6434.55,692826595,7434.37
20-OCT-2020,6422.65,6472.8,6410.5,6468.1,722575254,7190.39
21-OCT-2020,6491.55,6527.35,6417.7,6480.15,687162826,9608.93
22-OCT-2020,6470.6,6539.5,6464.7,6524.6,657683065,8504.52
23-OCT-2020,6565.75,6591.25,6550.95,6568.75,941949335,9824.55
26-OCT-2020,6591.7,6592.5,6460,6473.55,692614336,9163.75
27-OCT-2020,6480.15,6554.1,6425.15,6546.65,625261750,9236.78
28-OCT-2020,6555.5,6579.8,6479.05,6493.25,640286336,7779.09
29-OCT-2020,6455.2,6476.2,6411.8,6469.3,640610472,7011.36
30-OCT-2020,6482.4,6544.15,6436.65,6494.7,935769867,10131.36
02-NOV-2020,6521.8,6534.95,6473.7,6507.25,703439652,8863.57
03-NOV-2020,6539.4,6567.75,6538.6,6555.7,546155682,8534.97
04-NOV-2020,6561.6,6593.7,6528.8,6588.35,497212929,7725.14
05-NOV-2020,6639.4,6709.6,6628,6703.75,625596845,9508.98
06-NOV-2020,6724.35,6772.25,6713.2,6748.45,770662144,11107.34
09-NOV-2020,6800.6,6808.9,6743.4,6803.85,691109154,9468.46
10-NOV-2020,6856.65,6858.65,6779.7,6817.1,923464828,15493.79
11-NOV-2020,6843.3,6890.2,6788.45,6834.6,772718574,12439.62
12-NOV-2020,6847.05,6882.6,6835.15,6870.65,1082564244,11998.33
13-NOV-2020,6868.55,6940,6854.6,6935.2,832634957,10567.66
14-NOV-2020,6991.55,7003.1,6957.1,6975.6,389504686,1598.13
17-NOV-2020,7004.4,7067.65,6995.1,7062.35,1284981004,11303.05
18-NOV-2020,7064.55,7167.85,7057.95,7163.65,1062377562,13462.74
19-NOV-2020,7143.75,7246.1,7102.6,7131.7,1193565588,14953.35
20-NOV-2020,7173.4,7224.8,7127.65,7194.85,1266524881,12251.77
23-NOV-2020,7246.85,7289.15,7238.45,7279.5,1374032926,12111.32
24-NOV-2020,7322.55,7347.95,7316.4,7340,1174393472,12506.96
25-NOV-2020,7382,7387.15,7215.25,7227.55,1324569724,13692.39
26-NOV-2020,7256.75,7286.25,7193.3,7278.15,971721473,11080.29
27-NOV-2020,7317.65,7477.9,7316.95,7455.6,2441269663,33697.63
01-DEC-2020,7524.25,7529.55,7481.1,7521.3,1378829704,13318.74
02-DEC-2020,7553.9,7572.9,7497.25,7566.8,1207889780,14303.22
03-DEC-2020,7614.4,7629.5,7584.35,7597.8,955804573,13564.18
04-DEC-2020,7638.05,7667.05,7554.35,7625.9,1121583257,15999.78
07-DEC-2020,7651.85,7712.7,7650.35,7706.6,991455044,15892.56
08-DEC-2020,7768.2,7779.35,7636.35,7701.55,1462850938,15015.51
09-DEC-2020,7757.15,7775.9,7731.45,7745.05,1495339256,13778.62
10-DEC-2020,7747,7747.4,7628.15,7688.15,1378367292,13966.82
11-DEC-2020,7713.95,7753.6,7656.3,7705.05,1478472168,13536.22
14-DEC-2020,7746.4,7762.6,7721.25,7749.1,913292897,11245.08
15-DEC-2020,7751.5,7778.4,7689.65,7771.35,1227389270,13470.45
16-DEC-2020,7812.25,7865.8,7811.3,7858.7,1135582899,15115.69
17-DEC-2020,7873.95,7914.15,7822.75,7843.3,911313765,13855.69
18-DEC-2020,7859.15,7873.25,7753,7831.75,1060958298,15373
21-DEC-2020,7812.4,7823.65,7359.55,7492.05,1256753290,15573.24
22-DEC-2020,7465.75,7565.45,7264.35,7538.5,1401521975,14374.53
23-DEC-2020,7566.3,7722.4,7553.6,7711.85,1323903804,12528.4
24-DEC-2020,7761.5,7793.55,7710.45,7733.6,1035999006,11047.24
28-DEC-2020,7789.35,7826.4,7778.3,7813.85,869373039,10496.08
29-DEC-2020,7856.75,7869.45,7766.35,7806.95,881007095,10297.14
30-DEC-2020,7833.9,7841.6,7756.35,7833.2,887281846,10701.16
31-DEC-2020,7844.8,7878.8,7828.7,7862.9,1480122027,11870.79
01-JAN-2021,7877.85,7967.6,7876.3,7953.3,1169147872,10929.5
04-JAN-2021,8017.55,8075.75,7958.9,8068.05,1699454021,14867.33
05-JAN-2021,8038.75,8140.55,8002.6,8131.15,1235254058,14247.14
06-JAN-2021,8166.3,8215.2,8075.3,8160.6,1380349102,17842.98
07-JAN-2021,8237.1,8298.8,8226.15,8264,1340927331,17957.38
08-JAN-2021,8335.7,8367.9,8308.6,8349.1,1190132786,16427.01
11-JAN-2021,8404.65,8411.6,8273.5,8332.7,938242810,11830
12-JAN-2021,8327.45,8405.75,8299.5,8371.95,1416316725,15760.83
13-JAN-2021,8421.75,8446.6,8227.65,8328.3,1853471875,18191.65
14-JAN-2021,8349.35,8371.6,8289.8,8335.15,1086788562,14246.89
15-JAN-2021,8352.2,8377.6,8177.4,8246.85,2310531859,16361.98
18-JAN-2021,8251.7,8259.45,8017.6,8091.95,1349687800,13267.53
19-JAN-2021,8140.65,8274.6,8139.75,8266.15,948229475,12763.13
20-JAN-2021,8286.85,8347.5,8265.05,8341.65,1011050815,13882.26
21-JAN-2021,8403.1,8426.5,8223.85,8255,1180599011,16816.25
22-JAN-2021,8272.3,8313.55,8120.45,8151.2,1401648586,17613.16
25-JAN-2021,8244.5,8271.4,7998.6,8064.3,1419426213,14833.88
27-JAN-2021,8061.3,8061.3,7926.4,7948.9,1308438752,14044.24
28-JAN-2021,7852.65,7963.65,7845.5,7900.75,1501258166,13734.2
29-JAN-2021,7980.7,8019.05,7858.8,7883.4,1327946010,18619.69
01-FEB-2021,7933.3,8126.15,7840.25,8118.05,1367045873,16404.41
02-FEB-2021,8194.15,8321.4,8188.95,8305.1,1264848189,18626.9
03-FEB-2021,8368.4,8467.1,8300.15,8420.2,1263133231,18556.9
04-FEB-2021,8440.3,8536.65,8401.3,8525.95,1279646677,20822.25
05-FEB-2021,8585.95,8613,8418.9,8448.35,1407024067,18481.49
08-FEB-2021,8520.3,8593.15,8518.45,8576.1,986668020,15493.47
09-FEB-2021,8619.85,8635.55,8549.85,8579.85,1100027440,17800.4
10-FEB-2021,8613.75,8653.5,8553.75,8639.85,901617445,16898.79
11-FEB-2021,8632.25,8677.45,8619.65,8655.3,1083482612,14344.55
12-FEB-2021,8663.7,8690.4,8597.55,8646,1030333514,16461.34
15-FEB-2021,8695.8,8769.15,8674.2,8748.8,1022963523,18509.91
16-FEB-2021,8780.6,8821.65,8732.55,8794.3,1034902645,18642.46
17-FEB-2021,8799.3,8854.8,8786.45,8819.95,1184037756,16789.25
18-FEB-2021,8857.15,8910.8,8829.35,8856.65,1344907912,16764.03
19-FEB-2021,8851.45,8875.25,8649.6,8737.65,1537436608,20231.5
22-FEB-2021,8764.55,8789.05,8591.3,8632.05,1072056977,16575.33
23-FEB-2021,8674.4,8735.95,8606.4,8715.85,982496710,15042.8
24-FEB-2021,8766,8810.75,8703.65,8800.25,819215777,9377.82
25-FEB-2021,8878.05,8932.65,8869.95,8925.25,1350381820,18722.01
26-FEB-2021,8810,8907.1,8733.85,8816.05,1450385901,20004.65
01-MAR-2021,8893.1,8963.4,8858.65,8950.15,1145709693,15233.79
02-MAR-2021,9021.2,9105.65,8993.1,9091,1235751056,16831.05
03-MAR-2021,9167.6,9241.35,9163.45,9235.7,1151317495,18667.28
04-MAR-2021,9158.25,9316.85,9130.9,9281.25,1315156960,19418.65
05-MAR-2021,9268.3,9296.85,9056.35,9100.75,1161301580,15756.53
08-MAR-2021,9179.8,9217.45,9121.45,9134.4,835657572,12814.05
09-MAR-2021,9190.85,9213.5,9032.85,9100.55,953822351,13551.39
10-MAR-2021,9171.35,9195.45,9124.8,9169.25,667820228,11353.38
12-MAR-2021,9242.5,9264.6,9099.55,9144.4,970482652,14617.02
15-MAR-2021,9190.4,9193.5,8989.05,9081.95,858282649,13213.97
16-MAR-2021,9115.2,9135.6,9074.7,9109.3,758702669,13433.45
17-MAR-2021,9124.8,9136.1,8889.15,8907.45,791118697,12674.07
18-MAR-2021,8977.6,9026.25,8712.7,8783.1,1066462938,14464.49
19-MAR-2021,8719.45,8871.5,8543.75,8857.3,1245612526,20659.37
22-MAR-2021,8871.5,8945.55,8834.5,8929,733895037,13800.46
23-MAR-2021,8969.15,9015.45,8952.6,8991.3,675650963,13727.72
24-MAR-2021,8970.45,9019.55,8809.8,8828.45,671914008,13165.73
25-MAR-2021,8851.6,8858.35,8586.9,8669.85,1418704974,15635.88
26-MAR-2021,8759.9,8829.2,8739.25,8802.25,1059959708,12642.13
30-MAR-2021,8897.5,8982.1,8837.85,8954.05,1034875538,13949.88
31-MAR-2021,8962.85,8997.1,8922.75,8988.9,781602584,11179.87
01-APR-2021,9049.65,9144.65,9025.05,9129.65,832200676,12454.2
05-APR-2021,9123.6,9123.7,8879.55,9004.6,863062916,13280.79
06-APR-2021,9050.25,9097.15,8975.25,9062,808887987,13858.95
07-APR-2021,9090.65,9188.05,9075.9,9171.85,731297189,14212.14
08-APR-2021,9223.5,9281.05,9202.15,9226.95,877918152,15435.16
09-APR-2021,9242,9298.95,9213.3,9240.75,755947684,13572.75
12-APR-2021,9103.1,9104.45,8695.9,8762.3,1231879749,18560.53
13-APR-2021,8799.1,8923.8,8763.05,8887.35,848782717,14627.13
15-APR-2021,8861.35,8926.9,8777.6,8890.3,802026710,13717.86
16-APR-2021,8918.55,9022.55,8896.95,8982.1,567490847,11700.25
19-APR-2021,8767.8,8835.25,8647.5,8808.85,749004619,14013.55
20-APR-2021,8901.85,8957.5,8781.3,8828.4,619334563,12468.74
22-APR-2021,8781.1,8880.35,8767.6,8863.7,690584059,13726.44
23-APR-2021,8866.9,8966.5,8840.4,8892.85,646021115,13626.63
26-APR-2021,8957.75,8991,8945.25,8963.15,655889248,12553.25
27-APR-2021,8998.35,9103.8,8994.2,9092.85,643507617,13274.14
28-APR-2021,9155.1,9201.45,9141.2,9189.3,699576601,15713.96
29-APR-2021,9261.9,9282.3,9141.25,9168.3,819551884,14217.24
30-APR-2021,9113.55,9203.9,9090.65,9128.7,940579905,18466.79
03-MAY-2021,9080.5,9179.35,9048.85,9165.9,851333521,15329.72
04-MAY-2021,9241.7,9296,9120.35,9137.85,1176645427,19293.04
05-MAY-2021,9217.45,9233.1,9154.7,9214.8,868638002,14565.66
06-MAY-2021,9269.75,9289.3,9198.5,9280.05,871162495,17389.09
07-MAY-2021,9325.7,9336.9,9238.2,9249.65,790117014,16345.28
10-MAY-2021,9306.6,9333.15,9292.7,9308.2,1073829899,17020.98
11-MAY-2021,9253.75,9398.4,9228.25,9384.05,1314806177,19961.84
12-MAY-2021,9414.95,9438.95,9292.35,9323.95,1563089398,20077.56
14-MAY-2021,9386,9391.8,9158.55,9188.35,1092784696,18090.56
17-MAY-2021,9254.45,9351.1,9202.8,9340.6,861190606,15878.47
18-MAY-2021,9429.85,9510.7,9426.05,9494.85,885550941,18671.26
19-MAY-2021,9496.85,9547.4,9480.2,9495,802693329,17132.5
20-MAY-2021,9531.15,9548.9,9445.65,9482,921142452,17573.91
21-MAY-2021,9553.95,9578.4,9511.55,9551.5,905940158,17198.89
24-MAY-2021,9617.65,9646.2,9559.25,9621.35,952609390,18598.2
25-MAY-2021,9682.4,9693.15,9589.05,9616,916662789,19076.27
26-MAY-2021,9660.55,9678.05,9614.85,9631.25,771070648,14407.31
27-MAY-2021,9664,9698.05,9623.6,9683.05,1126000303,27367.89
28-MAY-2021,9723.8,9741.85,9664.15,9675.45,928194842,15803.69
31-MAY-2021,9710.75,9741.6,9657.8,9714.95,752009907,14696.18
01-JUN-2021,9761.8,9772.85,9647.05,9696.5,764335701,13664.95
02-JUN-2021,9703.7,9832.8,9699.8,9822,777913076,13690.88
03-JUN-2021,9880.85,9925.45,9872.9,9907.55,1014613225,15277.96
04-JUN-2021,9949.65,9987.45,9919.8,9974,1140147611,18666.16
07-JUN-2021,10044.8,10111.2,10021.85,10097.95,1070798883,19134.94
08-JUN-2021,10141.2,10180.15,10053.95,10162.6,1017828669,19272.54
09-JUN-2021,10218.5,10279.05,10037.9,10088.95,1483151048,24884.95
10-JUN-2021,10165.45,10244.45,10157.45,10236.95,924114623,18877.73
11-JUN-2021,10300.95,10315.55,10220.7,10262.4,902863026,17440.94
14-JUN-2021,10259.7,10259.8,10021.1,10233.45,995122572,16524.7
15-JUN-2021,10264.8,10316.3,10253.95,10292.1,939218617,16291.59
16-JUN-2021,10295.25,10307,10177.85,10200.75,883360362,15454.1
17-JUN-2021,10125.65,10234.4,10065.55,10096,895663142,16024.05
18-JUN-2021,10130.3,10142.65,9792.25,10004.4,1659288362,18772.06
21-JUN-2021,9875.25,10074.75,9842.65,10067.8,1079072112,13077.13
22-JUN-2021,10146.05,10169.05,10071.15,10084.45,916539195,12520.07
23-JUN-2021,10149.5,10154.55,10063.1,10071.65,886836065,13157.38
24-JUN-2021,10094.7,10105.7,10020.15,10047.15,810372263,10890.19
25-JUN-2021,10087.85,10149.85,10073.9,10137.3,1162635088,14399.88
28-JUN-2021,10182.75,10199.35,10153.3,10187.75,889576946,11765.81
29-JUN-2021,10197.05,10224.4,10123.35,10144.6,743644742,11361.99
30-JUN-2021,10180.3,10209.7,10163.85,10182.05,816540428,13239.99
01-JUL-2021,10204.9,10206.25,10147.4,10160.45,1091422185,11098.96
02-JUL-2021,10184.7,10230.1,10169,10224.15,783885917,12330.89
05-JUL-2021,10269.75,10279.1,10250.75,10266.55,908683025,11539.68
06-JUL-2021,10282.85,10353.15,10254.1,10275.45,691750004,13164.33
07-JUL-2021,10279,10335.15,10255.8,10323.6,604436940,12481.05
08-JUL-2021,10347.3,10376.5,10239.3,10281.8,668342663,11892.64
09-JUL-2021,10289,10339,10259.3,10329.35,606136999,10673
12-JUL-2021,10400.05,10418.7,10351.45,10371.65,584100410,11419.73
13-JUL-2021,10429.55,10432.4,10377.8,10401.2,452065451,10064.76
14-JUL-2021,10425.5,10454.45,10420.5,10435.85,451615026,13209.65
15-JUL-2021,10469.3,10483,10457.2,10472.3,459431451,12518.11
16-JUL-2021,10513.95,10518.1,10474.3,10501.05,1034603117,14657.52
19-JUL-2021,10454.05,10494.15,10382.35,10434.45,1241981608,13163.42
20-JUL-2021,10448.6,10467.2,10220.95,10292.8,711368991,12482.53
22-JUL-2021,10363.05,10418.4,10358.9,10404.7,1101870456,12326.18
23-JUL-2021,10473.95,10495.1,10406.45,10418.5,1603912356,13980.14
26-JUL-2021,10441.4,10482.75,10389.6,10423.15,690706247,13103.44
27-JUL-2021,10467.3,10505.75,10339.95,10376.15,615729785,13320.17
28-JUL-2021,10399.6,10404.3,10217.4,10335.35,774373830,14030.27
29-JUL-2021,10390,10416.65,10369.6,10411.35,802312797,15178.89
30-JUL-2021,10444.85,10549.85,10426.75,10506.15,775483075,19602.12
02-AUG-2021,10574.3,10651.65,10567.6,10644.9,860409797,19322.93
03-AUG-2021,10679.1,10684,10639.4,10666.15,1353713948,16392.38
04-AUG-2021,10713.35,10722.35,10541.55,10561.7,1877858128,19688.98
05-AUG-2021,10595.2,10595.55,10459.05,10564.4,2814246604,15664.54
06-AUG-2021,10589.1,10626.7,10557.95,10567.4,1766909533,15084.4
09-AUG-2021,10587.6,10601.35,10442,10498.4,1511092430,15381.84
10-AUG-2021,10534.1,10550.05,10301.15,10379.65,942784338,15919.21
11-AUG-2021,10393,10416.45,10135.65,10336.3,879627965,15234.07
12-AUG-2021,10365.75,10452.45,10355.15,10443.1,545763875,14465.19
13-AUG-2021,10475.75,10488.15,10416.1,10430.15,590551552,11410.11
16-AUG-2021,10439.4,10448.25,10380.8,10394.75,533219746,10003.22
17-AUG-2021,10401.2,10449.45,10350,10432.15,641914955,12963.73
18-AUG-2021,10470.4,10491.8,10431.35,10451.65,894890436,13428.74
20-AUG-2021,10375.7,10426.5,10231.9,10256.75,815234419,14209.75
23-AUG-2021,10348,10381.3,10093.1,10179,997761673,14529.8
24-AUG-2021,10221.25,10310.55,10198.05,10304.4,587140926,12751.99
25-AUG-2021,10351.7,10382.5,10313.05,10346.75,519785228,11490.31
26-AUG-2021,10383.25,10422.55,10334.75,10365.15,677264037,11662.64
27-AUG-2021,10396.3,10479.3,10348.45,10463.6,540300196,12191.47
30-AUG-2021,10516.2,10664.4,10511.65,10655.6,490010630,14128.27
31-AUG-2021,10690.1,10733.85,10656.15,10726,763910016,16068.93
01-SEP-2021,10787.85,10818.1,10716,10790.8,875420503,14498.05
02-SEP-2021,10810.85,10888.65,10792.45,10877.95,1176902767,14381.34
03-SEP-2021,10932.2,10959.15,10870.9,10920.75,1479270003,16108.21
06-SEP-2021,10966.9,10993.85,10943.6,10971.1,617127685,13220.31
07-SEP-2021,10999.65,11013.2,10868.5,10948.75,1467195255,16744.65
08-SEP-2021,10973.45,11019.05,10920.55,10990.15,1725999957,14979.84
09-SEP-2021,10981.2,11032.7,10964,11027,746143042,11607.1
13-SEP-2021,11035.05,11091.35,11001.95,11082.75,657250830,12368.07
14-SEP-2021,11145.1,11227.3,11142.25,11219.15,1348238257,21076.52
15-SEP-2021,11262.3,11336.8,11248.95,11328.95,1673301516,22784.89
16-SEP-2021,11365.85,11385.65,11299.9,11372.75,3096300856,18573.5
17-SEP-2021,11430.95,11440.55,11159.8,11223.5,2196477538,26844.11
20-SEP-2021,11136.05,11237.75,10997.05,11011.8,1289049057,16812.42
21-SEP-2021,11025.85,11082.85,10864.1,11067.15,1183522992,17062.98
22-SEP-2021,11123.4,11253.2,11112.9,11225.3,1006631355,22472.79
23-SEP-2021,11315.45,11388.8,11313.1,11370.6,985289752,21578.2
24-SEP-2021,11434.4,11451.7,11261.35,11293.15,1529841274,20033.97
27-SEP-2021,11343.6,11352.65,11220.35,11282.3,837393577,17927.64
28-SEP-2021,11324.25,11326.45,11132.8,11209.05,1019231910,18662.49
29-SEP-2021,11172.35,11327.05,11120.4,11304.6,1434956383,25239.29
30-SEP-2021,11348.4,11392.6,11336.15,11361.35,1743107290,19885.06
01-OCT-2021,11337.1,11381.25,11298.35,11372.25,1070279733,17736.49
04-OCT-2021,11440.35,11554.75,11428.4,11547.25,833319644,19246.62
05-OCT-2021,11559.4,11611.25,11529.4,11599.15,1279845924,21354.82
06-OCT-2021,11657.2,11665.15,11478.35,11501.05,1071717304,23213.43
07-OCT-2021,11603.85,11725.9,11601.95,11712.45,727060258,20306.66
08-OCT-2021,11784.8,11792.65,11720.5,11770.3,617833011,22659.01
11-OCT-2021,11819.65,11878.1,11771.2,11835.95,919694713,20564.6
12-OCT-2021,11870.7,11892.75,11788.3,11875,1099685111,19786.46
13-OCT-2021,11937.3,12048.45,11925.6,12021.6,1435799813,28149.89
14-OCT-2021,12117.85,12172.35,12085.35,12096.4,855750615,30026.99
18-OCT-2021,12222.6,12303.7,12188.8,12218.85,1350854255,31360.87
19-OCT-2021,12313.15,12338.5,11928.5,11979.9,1204801631,35246.14
20-OCT-2021,11970.75,11973.4,11639,11735.8,1233991661,34449.65
21-OCT-2021,11802.9,11821.75,11565.65,11668.3,866506069,25393.19
22-OCT-2021,11699.75,11757.95,11479.3,11579.9,962370682,24579.78
25-OCT-2021,11645.4,11655.85,11232.8,11393.65,923002702,21127.67
26-OCT-2021,11410.85,11598.45,11409.65,11586.05,972828753,20957.52
27-OCT-2021,11653.35,11662.45,11582,11598.8,676053766,16589.47
28-OCT-2021,11612.45,11612.85,11383.8,11407.35,867674519,21738.09
29-OCT-2021,11342.35,11490.25,11174,11390.85,1011645920,25472.18
01-NOV-2021,11440.4,11591.9,11410.35,11579.45,719016887,17103.34
02-NOV-2021,11625.75,11696.2,11619.7,11683.65,661387673,17343.45
03-NOV-2021,11729.15,11754.55,11601.8,11654.3,551235710,15265.06
04-NOV-2021,11737.1,11770.5,11731.85,11759.45,131834929,2662.33
08-NOV-2021,11803.7,11902.1,11700.75,11891.35,622610780,15807.81
09-NOV-2021,11924.35,12037.6,11910.05,12010.8,955298064,20681.16
10-NOV-2021,11995.25,12035,11953.9,11965,741180594,13210.47
11-NOV-2021,11982.05,11988,11831,11887.3,595704634,14320.81
12-NOV-2021,11966.3,11977.4,11853.4,11944.3,677550554,14780.36
15-NOV-2021,11990.65,12008.05,11931.65,11985.45,488103079,14294.08
16-NOV-2021,12008.65,12041.35,11935.85,11960.8,533019198,16169.31
17-NOV-2021,11950.4,11987.7,11892.15,11908.55,467802437,13906.25
18-NOV-2021,11928.9,11952.75,11672.55,11733.35,589858722,17342.1
22-NOV-2021,11749.15,11754,11298.05,11406.6,909371287,16095.41
23-NOV-2021,11341.6,11592,11278.2,11580.95,758076067,14513.94
24-NOV-2021,11641.4,11675.3,11510,11547.6,835114239,13428.27
25-NOV-2021,11565.35,11615.95,11495.35,11600.75,937787793,13895.46
26-NOV-2021,11500.8,11543.45,11232.55,11257.5,888288041,18189.15
29-NOV-2021,11155.75,11211.75,10886.4,11138.65,1135484850,16359.59
30-NOV-2021,11175.8,11392.45,11169.05,11223.55,1159037277,38774.95
01-DEC-2021,11295.65,11342.45,11206.65,11315.6,1312049919,12396.54
02-DEC-2021,11347.45,11462.05,11300.3,11447.95,1215963698,12445.3
03-DEC-2021,11481.2,11534.55,11411.95,11426.85,1487550959,13278.85
06-DEC-2021,11447.5,11456.25,11262.4,11279.65,2043074078,13261.49
07-DEC-2021,11359.15,11427,11304.25,11414.8,938120579,11377.99
08-DEC-2021,11494.4,11595.7,11490.2,11585.65,746817445,11719.94
09-DEC-2021,11642.7,11662.95,11565.15,11651.9,1657487170,12237.5
10-DEC-2021,11645.4,11737.9,11630.15,11729.1,904432043,10918.39
13-DEC-2021,11817.4,11857.8,11708.45,11725.35,712886922,12537.96
14-DEC-2021,11701.05,11730.65,11614.45,11694,666084831,11115.96
15-DEC-2021,11710.4,11735.95,11616.05,11630.4,564285064,10593.68
16-DEC-2021,11701,11727.5,11538.05,11558.8,615202081,10442.42
17-DEC-2021,11564.65,11570.35,11301.9,11325.65,738086375,14134.35
20-DEC-2021,11184.05,11197.45,10785.65,10941.55,960233899,14215.31
21-DEC-2021,11005.1,11158.55,10990.75,11083.1,763127321,11775.31
22-DEC-2021,11131.8,11263.45,11126.5,11247.2,613676963,11546.18
23-DEC-2021,11329,11363.6,11308.35,11342.65,390602233,9085.91
24-DEC-2021,11388.05,11390.6,11205.05,11232.25,516862391,8248.95
27-DEC-2021,11192.25,11280.15,11101.75,11269.05,573988843,10839.65
28-DEC-2021,11328.2,11404.25,11323.35,11396.5,488911524,9978.89
29-DEC-2021,11404.2,11454.15,11385.4,11412.7,592956775,8693.33
30-DEC-2021,11414.4,11429.25,11368,11395.65,826163295,11058.32
31-DEC-2021,11429.5,11554.45,11424.8,11543.55,989629322,10060.23
03-JAN-2022,11566,11680.75,11564.7,11673.45,746862473,10219.28
04-JAN-2022,11718.9,11743.45,11632.75,11702.1,635271364,11407.44
05-JAN-2022,11712.6,11735.05,11649.25,11705.05,592893925,12338.26
06-JAN-2022,11627.95,11706.1,11574.7,11698.7,668378347,11448.43
07-JAN-2022,11725.95,11776.75,11671.25,11741.95,615803700,12305.56
10-JAN-2022,11790.25,11836.95,11778.15,11820.4,567874389,11065.57
11-JAN-2022,11820.75,11888.1,11800.65,11839.3,2433730894,13692.32
12-JAN-2022,11902.25,11988.2,11878.25,11980.05,1198046121,13300.2
13-JAN-2022,12014.1,12052.2,11931.35,12039.9,589451774,11377.89
14-JAN-2022,12010.85,12070.4,11967.2,12036.1,504922734,12681.04
17-JAN-2022,12063.7,12095.3,12038.65,12073.15,493195313,10949.4
18-JAN-2022,12126.35,12138.2,11815.2,11848.7,515028297,11811.97
19-JAN-2022,11836.8,11847.05,11692.05,11830.6,530778837,13046.01
20-JAN-2022,11826.95,11867.7,11749.45,11801.2,410330068,11474.12
21-JAN-2022,11745.3,11765.6,11474,11551.65,504588343,14106.53
24-JAN-2022,11547.7,11556.15,11012.35,11125.05,765038383,15013.11
25-JAN-2022,11015.25,11230.85,10834.75,11221.2,819361865,15392.21
27-JAN-2022,11146.8,11146.8,10961.5,11095.15,840171075,15937.5
28-JAN-2022,11175.25,11412.7,11174,11242.35,804123759,16367.03
31-JAN-2022,11368.3,11434.5,11339.55,11413.65,624108651,13184
01-FEB-2022,11519.65,11539.8,11366.2,11531.3,759994289,15648.95
02-FEB-2022,11589.6,11676.95,11581,11661.7,856266161,12469.69
03-FEB-2022,11660.15,11660.3,11523.85,11547.6,668425431,12627.41
04-FEB-2022,11549.45,11578.55,11446.25,11459.35,715215700,12519.85
07-FEB-2022,11486,11521.35,11306.8,11357.55,577754157,11258.53
08-FEB-2022,11399.65,11429.75,11162.1,11268.15,605347855,12777.08
09-FEB-2022,11323.25,11405.5,11305.6,11394,478723108,10184.69
10-FEB-2022,11432.4,11440.55,11343.15,11419.95,614555355,11083.76
11-FEB-2022,11336,11346.65,11174,11197.15,470859364,10837.74
14-FEB-2022,10936.45,10985.8,10737.9,10768.5,640216880,12498.65
15-FEB-2022,10810.8,11058.5,10655.45,11045.45,673391117,12875.69
16-FEB-2022,11128.9,11146.8,10997.4,11027.35,580972256,11074
17-FEB-2022,11079.45,11104.35,10976.7,10997.15,431963638,9104.47
18-FEB-2022,10935.4,11011.8,10889.75,10903.35,418982229,7610
21-FEB-2022,10849.15,10887.85,10708.05,10778.4,781879451,10314.73
22-FEB-2022,10495.7,10700,10494.75,10676.5,669039937,11043.59
23-FEB-2022,10752.3,10823.8,10704.8,10717,533434835,9376.34
24-FEB-2022,10387.4,10470.95,10119.3,10138.4,1162237102,16967.92
25-FEB-2022,10338.2,10551.05,10337.45,10531.45,780904119,13498.94
28-FEB-2022,10435.2,10633.4,10339.65,10621,728479518,11773.07
02-MAR-2022,10550.05,10652,10525.8,10595.85,631051030,11340.9
03-MAR-2022,10725.35,10745.55,10542.65,10567.8,751050408,11139.72
04-MAR-2022,10514.15,10515.8,10334.85,10351.45,936892969,12967.34
07-MAR-2022,10160.8,10175.95,9990.35,10124.05,775104369,11777.32
08-MAR-2022,10127.45,10247.95,10041.7,10231.6,660223096,12307.16
09-MAR-2022,10323.6,10467.8,10275.85,10439.35,598045145,11809.28
10-MAR-2022,10648.4,10665.15,10504.15,10547.65,616740156,13171.16
11-MAR-2022,10529.35,10618.3,10487.75,10604.65,487947703,9102.88
14-MAR-2022,10627.4,10656,10535.8,10619.55,467082266,10222.59
15-MAR-2022,10657.95,10695.65,10486.2,10534.25,598093591,11931.72
16-MAR-2022,10653.65,10747.45,10637.6,10739.8,440278118,11140.23
17-MAR-2022,10865.75,10887.5,10848.7,10870.5,583630024,16716.94
21-MAR-2022,10943.05,10943.05,10843.15,10857,459146368,10186.12
22-MAR-2022,10869.95,10877.3,10743.4,10871.5,458715201,9938.31
23-MAR-2022,10934.6,10966.2,10881.35,10909.4,651789434,12220.22
24-MAR-2022,10893.2,10985.35,10873.85,10966.35,649660237,12991.18
25-MAR-2022,11021.55,11032.75,10907,10943.65,493153429,12473.36
28-MAR-2022,10974.95,10996.35,10831.2,10926,493113782,12427.61
29-MAR-2022,10982.85,11020.35,10928.35,10992.45,599341774,11548.94
30-MAR-2022,11074.85,11111.75,11038.2,11091.8,598639678,13878.86
31-MAR-2022,11122.95,11163.25,11099.7,11131.1,859035048,17028.66
01-APR-2022,11146.85,11283.65,11132.6,11272.8,841841598,12744.15
04-APR-2022,11332.6,11447.3,11330.25,11440,781035903,11743.83
05-APR-2022,11517.65,11633.8,11478.65,11609.05,738998949,15744.94
06-APR-2022,11598.7,11682.1,11564.9,11660.7,1626917838,20333.52
07-APR-2022,11684.45,11717.75,11519.2,11558,1813998472,21005.48
08-APR-2022,11629.95,11691.9,11586.4,11666.85,1220300106,14893.55
11-APR-2022,11706.6,11775.45,11700.15,11747.9,741343159,12264.28
12-APR-2022,11745.4,11745.4,11444.85,11537.65,717189211,12616.79
13-APR-2022,11609.85,11641.55,11518.8,11527.4,487801007,9547.83
18-APR-2022,11453.2,11453.2,11313.3,11395.9,600450562,12471.25
19-APR-2022,11474.95,11519.6,11166.6,11258.15,572326828,11880.18
20-APR-2022,11316.55,11421.2,11274,11329.8,509802615,10520.36
21-APR-2022,11411.7,11460.6,11401.25,11447.05,516558576,10967.14
22-APR-2022,11396.15,11455.7,11334.05,11352.15,478825406,11055.03
25-APR-2022,11262.35,11264.45,11114,11146.25,548641636,10472.07
26-APR-2022,11255.3,11317.35,11245.05,11307.3,516183804,10815.19
27-APR-2022,11245.7,11278.65,11129.25,11213.4,577886382,11407.97
28-APR-2022,11302,11313,11189,11279.45,491064736,11354.7
29-APR-2022,11349.2,11379.25,11183.35,11201.95,535116863,11846.53
02-MAY-2022,11125.35,11168.35,11076.65,11144.9,587677223,11384.79
04-MAY-2022,11190.6,11216,10879.25,10916.35,649734335,11705.3
05-MAY-2022,11003.05,11063.25,10894.45,10918.9,524868531,10189.13
06-MAY-2022,10740.7,10768.35,10653.35,10731.3,583743176,11855.83
09-MAY-2022,10642,10651.75,10470.55,10546.3,572323178,11032.92
10-MAY-2022,10525.6,10644.7,10329.6,10353.8,508987805,10416.85
11-MAY-2022,10375.95,10444.95,10097.6,10283.1,672410208,12755.7
12-MAY-2022,10204.95,10217.3,9979.45,10062.45,648277809,11107.77
13-MAY-2022,10187.85,10343.7,10134.5,10161.85,605194677,13746.84
16-MAY-2022,10214.8,10312.85,10126.65,10291.3,681024395,9844.86
17-MAY-2022,10349.8,10564.85,10324.5,10551.05,653779968,10346.2
18-MAY-2022,10611.55,10659.7,10513.15,10538.2,611352466,11175.14
19-MAY-2022,10309.15,10350.05,10216.3,10251.8,657718803,9951.01
20-MAY-2022,10403.7,10469.9,10394.45,10460.55,588133218,9616.26
23-MAY-2022,10515.75,10557.55,10401.85,10418.75,638869004,10610.18
24-MAY-2022,10447.5,10466.6,10331.1,10354.25,617948777,9469.24
25-MAY-2022,10387.8,10408.5,10106.55,10118.65,481886149,10146.85
26-MAY-2022,10154.05,10274.8,9951.1,10238.75,599559594,10823.45
27-MAY-2022,10340.3,10377.85,10292.2,10367.2,472156096,9207.29
30-MAY-2022,10478.1,10618.2,10471.15,10611.75,516082578,10201.85
31-MAY-2022,10611.05,10699.55,10596.85,10616.3,948424503,22795.69
01-JUN-2022,10639.5,10720.55,10599.15,10655.2,447671901,10298.56
02-JUN-2022,10663.5,10720.5,10617.15,10710.75,396422980,7961.57
03-JUN-2022,10787.15,10798.65,10540.4,10548.85,387208805,9457.95
06-JUN-2022,10540.3,10547.6,10407.5,10527.9,356413550,8309.51
07-JUN-2022,10493,10496.6,10400.55,10455.35,376746820,8672.17
08-JUN-2022,10469.9,10517,10378.4,10412.1,371325619,8293.96
09-JUN-2022,10375.3,10468,10343.75,10455.1,345818020,8202.85
10-JUN-2022,10359.95,10413.15,10347,10381.05,350510477,7124.4
13-JUN-2022,10216.15,10221.2,10078.65,10100.1,473416303,8444.74
14-JUN-2022,10041.65,10186.9,10035.25,10075.75,392572690,7977.57
15-JUN-2022,10125.65,10161,10081.35,10109.65,329672316,7350.24
16-JUN-2022,10214.15,10228,9845.35,9884.55,494911804,8927.43
17-JUN-2022,9814.95,9887.2,9699.65,9772.25,590720546,12052.45
20-JUN-2022,9781.5,9797.85,9496.6,9580.35,635407992,9380.96
21-JUN-2022,9638.3,9888.2,9633.6,9876.3,569340689,8728.11
22-JUN-2022,9853.7,9853.7,9715.95,9732.95,473071362,8179.73
23-JUN-2022,9760.05,9871.8,9723.75,9845.05,463690922,7540.33
24-JUN-2022,9916.3,9990.7,9910.85,9980.8,437310091,7551.65
27-JUN-2022,10104.8,10130.9,10070.1,10083.75,398984809,7572.88
28-JUN-2022,10052.95,10133.05,9994,10123.15,371313609,6950.05
29-JUN-2022,10030.55,10115.7,10014.4,10100.65,385284556,8254.01
30-JUN-2022,10116.4,10155.6,10017.85,10042.8,405584266,8420.32
01-JUL-2022,10008.05,10094.15,9937.85,10077.75,378548752,7185.44
04-JUL-2022,10086.6,10153.1,10052,10143.45,354167846,6976.98
05-JUL-2022,10179.2,10238,10117.25,10131.35,360438173,7408.2
06-JUL-2022,10149.95,10325.15,10112.25,10312.65,372417674,8438.84
07-JUL-2022,10389.15,10458.2,10381.5,10450.2,373609160,8771.05
08-JUL-2022,10511.25,10514.85,10418.2,10472.4,322178580,7082.76
11-JUL-2022,10445.9,10591.15,10426.05,10577.65,488546703,7421.47
12-JUL-2022,10547.35,10605.15,10507.8,10520.35,417945568,7106.59
13-JUL-2022,10571.9,10605.3,10509.85,10531,337428134,7085.5
14-JUL-2022,10555.4,10572.45,10432.85,10522.9,362409551,7620.55
15-JUL-2022,10558.35,10604.45,10519.75,10593.65,370184350,7930.88
18-JUL-2022,10674.1,10745.75,10666.3,10737.4,442169796,9300.66
19-JUL-2022,10716.05,10829.15,10704,10817.1,460554165,9707.02
20-JUL-2022,10910.7,10911.3,10812,10831,404785622,9349.53
21-JUL-2022,10845.15,10984.6,10826.5,10972,573752310,10698.63
22-JUL-2022,11022.5,11043.4,10952.85,10991.6,485141476,10915.09
25-JUL-2022,10995.65,11009.5,10936.8,10983.7,480250442,9757.1
26-JUL-2022,10992.45,10995.85,10853.75,10866.2,385954107,8826.54
27-JUL-2022,10855.7,10969.95,10829.4,10959.6,511921578,9272.75
28-JUL-2022,11027.9,11050.85,10969.25,11040.55,533294311,10794.29
29-JUL-2022,11118.2,11206.85,11110.4,11194.7,671872118,12223.5
01-AUG-2022,11256.45,11370.75,11201.2,11364.15,887238332,12216.41
02-AUG-2022,11364.15,11437.1,11305.9,11416.65,1659977538,14256.69
03-AUG-2022,11415.15,11424.45,11271.6,11356.9,897638533,11593.38
04-AUG-2022,11410.05,11453.05,11225.55,11417.95,876178195,13504.4
05-AUG-2022,11451.45,11488.6,11422.8,11453.7,623817144,14249.89
08-AUG-2022,11465.45,11530.2,11416.4,11482.3,480717238,9841.36
10-AUG-2022,11522.15,11536.8,11427.2,11458.05,536459907,12281.1
11-AUG-2022,11546.65,11566.1,11529.15,11549.8,494325913,11997.3
12-AUG-2022,11571.65,11641.8,11547.5,11624.6,484805065,14912.86
16-AUG-2022,11683.55,11788.65,11669.05,11782.3,604087275,13898.43
17-AUG-2022,11828.65,11858.45,11811.85,11830.6,728960605,13390.19
18-AUG-2022,11835.05,11884.35,11808.4,11849.45,596385610,14432.41
19-AUG-2022,11886.6,11903.2,11673.45,11701.35,658706715,14924.93
22-AUG-2022,11670.25,11670.25,11467.75,11489.8,416774998,11192.64
23-AUG-2022,11396.4,11620.9,11391.5,11598.85,544489231,10970.66
24-AUG-2022,11595.4,11682.45,11588.7,11675.05,627939903,10269.37
25-AUG-2022,11738.55,11775.35,11667.2,11685.85,948029048,12473.29
26-AUG-2022,11752.35,11801.3,11709.75,11730.6,559789413,10416.44
29-AUG-2022,11418.15,11647.8,11417.35,11633.9,512723120,9929.78
30-AUG-2022,11722.05,11879.25,11720,11867,711322964,12227.74
01-SEP-2022,11805.25,11918.1,11790.05,11896.95,676383230,13148.95
02-SEP-2022,11957.05,11982.75,11849.8,11865.55,651467842,12853.1
05-SEP-2022,11900.7,11952.55,11896.85,11930.35,751421834,11275.94
06-SEP-2022,11987.1,12005.85,11924,11974.95,611373407,10867.66
07-SEP-2022,11945.55,12050.1,11927.7,12038.85,1103051808,12423.98
08-SEP-2022,12124.9,12146.35,12053.45,12080.8,805182654,11011.31
09-SEP-2022,12155.15,12195.75,12098.35,12129.45,739467596,12050.57
12-SEP-2022,12184,12242.25,12173.25,12228.05,477987796,11692.67
13-SEP-2022,12289.3,12314.1,12232.95,12245.65,676939154,12668.76
14-SEP-2022,12093.8,12234.65,12081.3,12203.55,658206299,12344.74
15-SEP-2022,12266.25,12308.9,12173.55,12242.85,620473108,12098.92
16-SEP-2022,12240.6,12260.6,11863,11933.3,835056433,15866.26
19-SEP-2022,11954.5,11984.05,11810.9,11936.55,529705160,10250.05
20-SEP-2022,12029.5,12174.65,12026.15,12111.3,428379062,9818.86
21-SEP-2022,12124.8,12194.5,12000,12027.5,544507504,9090.99
22-SEP-2022,11992.85,12097.05,11928.1,12067.4,552610198,10890.73
23-SEP-2022,12082.05,12104.2,11798.7,11811.9,565203311,10731.16
26-SEP-2022,11711.1,11715.5,11377.85,11461.7,639115114,11947.65
27-SEP-2022,11519.5,11574.3,11375.95,11469.75,474496663,10104.73
28-SEP-2022,11401.05,11533.75,11371.6,11439.4,473084874,8739.38
29-SEP-2022,11552,11590.5,11416.55,11488.6,604390772,12495.51
30-SEP-2022,11478.7,11673.95,11373.65,11654.45,776851907,10582.56
03-OCT-2022,11658.95,11694.3,11481.05,11533.35,646584943,10161.46
04-OCT-2022,11692.1,11803.3,11656.7,11794.35,682296495,10503.57
06-OCT-2022,11878.8,11963.8,11875.65,11933.35,640096238,12365.53
07-OCT-2022,11944.45,11953.75,11826.1,11903.05,504011555,9499.57
10-OCT-2022,11778.35,11831.2,11727.6,11796.05,417170682,7535.64
11-OCT-2022,11829.75,11832,11581.1,11607,480285898,8810.27
12-OCT-2022,11642.6,11688.15,11529.55,11672.45,466233344,7959.99
13-OCT-2022,11677.65,11695.75,11558.15,11599.7,427166092,7214.11
14-OCT-2022,11751.8,11777.65,11579.7,11591.65,445345595,8525.75
17-OCT-2022,11561.85,11626.7,11472.8,11611.65,487715157,9383.7
18-OCT-2022,11689.35,11737.8,11645.4,11727.75,690914205,12678.62
19-OCT-2022,11761.8,11791.65,11715,11737.9,554836091,11232.23
20-OCT-2022,11685.15,11717.65,11616.5,11706.15,570837684,11222.99
21-OCT-2022,11733.35,11770.75,11603.05,11637.6,729952066,11416.96
24-OCT-2022,11761.9,11762,11691.25,11703,176610264,1872.68
25-OCT-2022,11718.3,11750.65,11641,11718.9,824386626,11422.19
27-OCT-2022,11758.2,11805.85,11740.9,11791.8,719491446,10725.53
28-OCT-2022,11813.4,11823.45,11689.75,11715.55,601756701,9998.74
31-OCT-2022,11767.25,11874.45,11766.5,11868.15,496094157,9998.97
01-NOV-2022,11905.35,11981.1,11899,11967.9,678988489,11163.21
02-NOV-2022,11975.15,12014.3,11944.05,11965.65,487251006,10719.46
03-NOV-2022,11914.35,11997.6,11909.2,11984.75,710227037,11654.07
04-NOV-2022,12005.1,12035.35,11950.7,11978.15,699010964,9934.21
07-NOV-2022,12038.4,12076.75,12006.05,12066.05,736080568,10615.26
09-NOV-2022,12115.9,12117.55,11973.65,11991.25,1052824356,14641.12
10-NOV-2022,11963.8,11976.8,11835.2,11881.95,737911023,12675.87
11-NOV-2022,12008.85,12045,11880.65,11898.55,797144711,15261.89
14-NOV-2022,11899.6,11930.7,11830.2,11893.6,817228793,12433.8
15-NOV-2022,11904.15,11923.1,11861.75,11888.25,484988533,9337.99
16-NOV-2022,11903.9,11929.95,11777.7,11816.55,759216205,10544.27
17-NOV-2022,11807.1,11813.6,11742.65,11767.05,737211143,9465.56
18-NOV-2022,11799.15,11810.65,11653.35,11719.95,719901441,11234.77
21-NOV-2022,11719,11744.45,11681.85,11719.55,713606775,10693.77
22-NOV-2022,11743.5,11771.65,11726.3,11762.55,821802714,10476.19
23-NOV-2022,11799.55,11818.85,11773.45,11790.2,747729716,9760.81
24-NOV-2022,11832.05,11842.55,11806.45,11837.6,838623017,10734.06
25-NOV-2022,11865.55,11953.8,11862.7,11943.55,1235126999,13831
28-NOV-2022,11950.15,12037,11944.25,12025.95,1083002382,12557.72
29-NOV-2022,12030.85,12053.7,11965.6,11983.1,967728426,11546.36
30-NOV-2022,11998.45,12121.65,11997.4,12093.5,1241139658,29333.15
01-DEC-2022,12158.4,12209.8,12122.3,12185.25,800389971,14218.34
02-DEC-2022,12199.05,12297.5,12188.6,12289.6,1050139730,14292.38
05-DEC-2022,12331.5,12332.1,12244.85,12298.5,810826711,12398.1
06-DEC-2022,12280.85,12296.95,12217.85,12239.3,1048348975,11740.34
07-DEC-2022,12259.25,12273.95,12159.9,12178.85,744122741,9887.87
08-DEC-2022,12210.55,12246.05,12175.75,12237.05,742220582,9936.94
09-DEC-2022,12294.45,12323,12090.3,12181.6,2125901780,15204.68
12-DEC-2022,12185.15,12227.3,12087.95,12218.95,1539341817,11124.55
13-DEC-2022,12258,12277.05,12217.95,12270.45,1955250615,14235.9
14-DEC-2022,12313.4,12374.6,12300.3,12349.7,2404840813,14298.71
15-DEC-2022,12352.6,12378.55,12210.95,12237.9,1446412849,12419.96
16-DEC-2022,12191.35,12226.2,12028.4,12061.25,1190826212,12672.79
19-DEC-2022,12083.8,12126.3,12001.55,12118.95,855507031,9631.31
20-DEC-2022,12100.25,12120.9,11994.9,12098.55,999489714,9525.45
21-DEC-2022,12141.2,12189.7,11881.85,11908.15,1219384109,13498.43
22-DEC-2022,11960.05,11996.5,11715.75,11797.05,1194680168,11973.49
23-DEC-2022,11685.75,11711.15,11360.05,11383.05,1270582459,12737.58
26-DEC-2022,11385.1,11688.75,11291.45,11665.3,1384567630,10839.01
27-DEC-2022,11741.25,11804.85,11673.8,11774.15,1210751649,10458.18
28-DEC-2022,11775.4,11837.95,11711.7,11812.2,1066657922,9651.52
29-DEC-2022,11773.85,11853.7,11695.25,11829.25,953797928,10739.09
30-DEC-2022,11901.8,11945.9,11862.7,11885.75,996184687,9941.84
02-JAN-2023,11923.3,11979,11877.75,11970.3,1082067734,9938.65
03-JAN-2023,11995.9,12025.5,11958.65,11994.4,992033216,9874.45
04-JAN-2023,12013.45,12030,11848.45,11886.95,1045613161,9722.35
05-JAN-2023,11925.5,11941.45,11849.1,11932.85,757276879,9642.83
06-JAN-2023,11949.75,11959.3,11807.8,11850.6,739837401,9050.01
09-JAN-2023,11934.5,11964.4,11882.05,11948.9,746824960,8144.28
10-JAN-2023,11966.5,11966.5,11836.1,11899.55,719269394,8677.04
11-JAN-2023,11925.85,11940.05,11847.05,11862.85,698040792,8808.68
12-JAN-2023,11900.05,11900.15,11792.5,11836.4,637365126,8050.85
13-JAN-2023,11862.4,11862.7,11765.9,11830.4,745883773,9311.33
16-JAN-2023,11858.35,11895,11788.3,11800.3,794000806,9030.88
17-JAN-2023,11820.9,11826.05,11721.2,11793.6,659038792,8487.49
18-JAN-2023,11818.75,11851.95,11784.8,11843.7,555328063,8194.21
19-JAN-2023,11816.35,11848.95,11787.4,11832.35,628288957,8428.45
20-JAN-2023,11836.4,11847,11737.8,11748.95,582317585,8829.07
23-JAN-2023,11767.35,11780.7,11720.15,11771.05,946972808,9298.99
24-JAN-2023,11790.05,11807.25,11714.05,11729.9,600136167,8719.39
25-JAN-2023,11717.25,11718.15,11550.15,11583.2,683188702,9054.02
27-JAN-2023,11604.1,11619.65,11314.15,11439.6,888162025,11912.13
30-JAN-2023,11427,11528.45,11343.2,11422.3,859217769,9407.68
31-JAN-2023,11455.8,11618.95,11388.65,11596.65,778571086,10550.46
01-FEB-2023,11685.55,11767.7,11318.7,11497.65,963286517,13826.67
02-FEB-2023,11458.1,11579.5,11420.55,11518.05,731535885,10183.32
03-FEB-2023,11548.35,11568.35,11348.6,11504.7,768655973,9140.03
06-FEB-2023,11505.75,11616.9,11493.35,11602.95,1237030093,9110.1
07-FEB-2023,11621.1,11635.4,11545.85,11601.6,671511163,9096.11
08-FEB-2023,11626.5,11711.9,11586.55,11699.35,578853447,8936.49
09-FEB-2023,11721.55,11730.15,11670.55,11709.45,470874063,9084.86
10-FEB-2023,11688.45,11761.9,11663.45,11738.3,538733449,9543.29
13-FEB-2023,11726,11736.75,11567.75,11584.95,574169254,12293.76
14-FEB-2023,11590.95,11609,11494.6,11535,450163047,8369.58
15-FEB-2023,11520.5,11600.7,11515.4,11590.35,469283736,8617.37
16-FEB-2023,11637.65,11711.8,11617.65,11679.2,458603772,9346.15
17-FEB-2023,11654,11678.5,11587.25,11605.65,443645480,7588.76
20-FEB-2023,11635.2,11653.7,11547,11606.15,616815132,8467.68
21-FEB-2023,11629.55,11654.65,11560.2,11575.1,560859902,8371.66
22-FEB-2023,11538.7,11559.2,11421.2,11459.2,543419849,9125.42
23-FEB-2023,11466,11477.3,11346.65,11431.25,716740094,10053.73
24-FEB-2023,11464.05,11502.95,11394.1,11403.35,564127532,8765.18
27-FEB-2023,11395.35,11397,11245.3,11339.85,524273453,8177.62
28-FEB-2023,11365.15,11427.05,11336.05,11411.25,744399211,13055.48
01-MAR-2023,11428,11582.7,11426.9,11572.2,733781984,8523.88
02-MAR-2023,11580.95,11587.8,11536.05,11547.05,646194182,7926.67
03-MAR-2023,11600.95,11638.05,11582.75,11605.2,726391137,8824.76
06-MAR-2023,11653.25,11751.8,11649.3,11686.9,573554304,8054.28
08-MAR-2023,11650,11738.3,11624.45,11724.6,492156469,9515.62
09-MAR-2023,11753.6,11769.8,11643.95,11660,455576957,8010.86
10-MAR-2023,11594.1,11594.2,11493.7,11582.15,427249028,7350.09
13-MAR-2023,11556.5,11595.8,11339.55,11375.2,942633688,8875.75
14-MAR-2023,11387.2,11395.9,11259.95,11304.7,595857760,8925.29
15-MAR-2023,11383.05,11409.1,11291.8,11308.8,539438032,7610.49
16-MAR-2023,11291.2,11339.1,11161.95,11305.2,681606866,8926.21
17-MAR-2023,11378,11406.25,11304.25,11354.25,1042746022,12793.56
20-MAR-2023,11349.3,11370.5,11165.85,11245.6,692211748,7492.59
21-MAR-2023,11288.6,11320.5,11258.9,11308.1,563895190,7970.14
22-MAR-2023,11350.05,11380.15,11328.75,11339.2,599921561,6975
23-MAR-2023,11324.45,11350.7,11286.05,11295.8,415959974,6240.14
24-MAR-2023,11293.5,11305.05,11144.2,11164.65,496454809,7041.5
27-MAR-2023,11172.7,11180.65,11088.85,11102.1,518089130,7085.59
28-MAR-2023,11119.35,11131.85,11016.5,11065.65,489049166,6518
29-MAR-2023,11054.85,11273.9,11054.85,11250.7,607406606,9546.8
31-MAR-2023,11298.2,11386.3,11296.45,11352.25,571486638,9456.38
03-APR-2023,11410.5,11413.95,11361,11404.35,528059468,7118.36
05-APR-2023,11412.4,11421.5,11376.1,11415.75,498339898,8126.93
06-APR-2023,11416.45,11505.7,11378.7,11491.2,503101717,8108.28
10-APR-2023,11529.75,11541.95,11479,11532.85,398781563,8325.88
11-APR-2023,11562.55,11608.05,11540.4,11582.8,411769076,8369.5
12-APR-2023,11607.25,11658.85,11595.7,11652.3,424016917,9325.88
13-APR-2023,11676.95,11703.45,11630.1,11671.2,448925909,9779.82
17-APR-2023,11649.8,11720.85,11603.8,11714.45,435071049,9018.51
18-APR-2023,11739.45,11804.3,11721.3,11783.35,784044745,10949.93
19-APR-2023,11805.25,11820.9,11752.55,11763.95,595383013,9855.36
20-APR-2023,11784.55,11799.45,11747.55,11755.95,410196441,9023.87
21-APR-2023,11776.55,11777.4,11663.5,11707.55,676861627,7845.5
24-APR-2023,11723.7,11746.8,11681.4,11738.6,623062990,7215.36
25-APR-2023,11748.3,11764.25,11716.2,11730.6,659453139,10577.21
26-APR-2023,11720.8,11750.75,11676.2,11743.1,729695951,9225.92
27-APR-2023,11753.55,11820.3,11747.9,11811.5,938989768,10643.9
28-APR-2023,11841.55,11950.8,11828.25,11943.55,736917147,12365.98
02-MAY-2023,11997.3,12063,11990.55,12037.15,907986553,12052.43
03-MAY-2023,12025.95,12098.6,12003.1,12066.75,948114735,11473.8
04-MAY-2023,12089.45,12155.9,12083.75,12145.5,865378052,11185.22
05-MAY-2023,12152.45,12174.35,12052.8,12066.05,770618639,11236.89
08-MAY-2023,12108,12187.05,12100,12177.7,721252799,12414.33
09-MAY-2023,12213.05,12271.55,12166.7,12184.95,641011056,11629.59
10-MAY-2023,12215.55,12217.7,12115.1,12195.2,655772314,10233.33
11-MAY-2023,12240.35,12263.85,12212.6,12232.85,709911797,9999.48
12-MAY-2023,12251,12251,12173.55,12196.1,516138986,10237.55
15-MAY-2023,12205.5,12288.2,12174.3,12264.65,496181234,9807.17
16-MAY-2023,12307.75,12374.6,12285.6,12293.05,745313778,11639.13
17-MAY-2023,12303.95,12323.85,12209.95,12284.35,659288101,10584.43
18-MAY-2023,12332.15,12343.85,12197.25,12213.8,460742305,9576.09
19-MAY-2023,12227.7,12227.7,12090.55,12198.45,478745667,10821.12
22-MAY-2023,12190.55,12272,12157,12264.65,449063837,10172.49
23-MAY-2023,12306.5,12349.95,12291.2,12335.65,448760208,10214.03
24-MAY-2023,12340.25,12389.35,12300.05,12353.9,525523566,12925.07
25-MAY-2023,12357.95,12403.2,12342.95,12392.15,645589390,10759.42
26-MAY-2023,12407.35,12495.6,12397.25,12486.85,549520235,11200.4
29-MAY-2023,12540.6,12550.35,12485.05,12530.7,661341828,10443.99
30-MAY-2023,12549.05,12589.55,12529.8,12576.6,496798034,9668.97
31-MAY-2023,12574.65,12635.45,12548.95,12623.35,891807690,22653.07
01-JUN-2023,12635.3,12702.85,12631.15,12647.95,459800473,9125.77
02-JUN-2023,12691.5,12721.9,12685.2,12705.4,464355530,9461.38
05-JUN-2023,12762.05,12781.8,12733.6,12743.35,464378572,9872.47
06-JUN-2023,12758,12767.45,12689.25,12757.4,389083781,9102.43
07-JUN-2023,12805.3,12909.85,12799.65,12900.8,679607947,10587.42
08-JUN-2023,12939.3,12949.6,12815.3,12831.4,884262980,13003.09
09-JUN-2023,12866.65,12889.15,12799.9,12814.8,553977913,10116.67
12-JUN-2023,12855.1,12897.7,12798.85,12890.6,428744760,9330.91
13-JUN-2023,12925.55,13051.2,12923.05,13042.2,649354301,13949.27
14-JUN-2023,13084.65,13092.6,13043.2,13078.75,813108301,12980
15-JUN-2023,13103.05,13143.45,13065.95,13100.9,630856050,13453.27
16-JUN-2023,13146.75,13212.35,13138.3,13192.9,650909128,13037.64
19-JUN-2023,13246.5,13280.4,13182.3,13195.05,652993116,12136.09
20-JUN-2023,13200.95,13264.95,13155.85,13255.9,527648470,13398.77
21-JUN-2023,13339.6,13402.25,13319.45,13353.3,762095800,17772.89
22-JUN-2023,13383.35,13388.7,13202.3,13241.8,736170776,14271.58
23-JUN-2023,13240.6,13242.4,13063.5,13077.5,552927301,12007.2
26-JUN-2023,13082.2,13202.6,13033.05,13187.55,533100650,11367.64
27-JUN-2023,13233.9,13283.9,13219.55,13250.6,575160256,11222.43
28-JUN-2023,13309.75,13336.5,13273.8,13316.45,706892826,13753.1
30-JUN-2023,13360.05,13411.95,13352.65,13401.45,611768796,13404.88
03-JUL-2023,13472.75,13484.75,13412.25,13427.6,736854505,11771.54
04-JUL-2023,13476.05,13478.3,13387,13405.2,1155219226,13511.19
05-JUL-2023,13432.6,13493,13412.8,13481.65,924486430,14051.91
06-JUL-2023,13504.65,13597,13491.2,13593.1,872296174,13073.28
07-JUL-2023,13588.2,13609.9,13455.8,13490.7,803636772,12468.36
10-JUL-2023,13530.3,13534.1,13410.45,13433.5,648008272,11137.11
11-JUL-2023,13477.4,13563.15,13467.95,13534.35,618714541,12860.09
12-JUL-2023,13574.25,13615,13549.75,13600,651780595,13054.54
13-JUL-2023,13649.25,13669.05,13486.85,13522.4,738068351,14150.96
14-JUL-2023,13581.85,13664.85,13557.85,13657.45,501903215,11821.04
17-JUL-2023,13701.85,13751.4,13686.5,13709.1,795913614,13105.16
18-JUL-2023,13745.45,13754.9,13627.7,13688.2,851047797,12616.08
19-JUL-2023,13726.3,13775.9,13701.85,13769.8,783013418,13173.14
20-JUL-2023,13800.6,13812.25,13777.15,13799.55,854217178,14251.46
21-JUL-2023,13763.55,13797.1,13742.75,13772.85,1103660398,16066.98
24-JUL-2023,13805.85,13830.7,13746.5,13762.2,1141565602,16123.61
25-JUL-2023,13828.5,13846.15,13755.9,13829.15,763005159,14237.32
26-JUL-2023,13875.65,13898.65,13852.25,13873.3,1197437426,14445.47
27-JUL-2023,13934.1,13957.35,13859.55,13898.9,1033939638,15603.28
28-JUL-2023,13927.35,13985.05,13898.85,13976,725331422,15852.92
31-JUL-2023,14000.65,14153.85,13993.45,14140,1039476718,16909.72
01-AUG-2023,14190.05,14200,14129,14151,917664573,15429.22
02-AUG-2023,14144.35,14147.55,13857.85,13975.2,899374128,15888.1
03-AUG-2023,13968.65,14022.9,13911.4,13979.05,1038467871,16898.3
04-AUG-2023,14046.45,14109.55,14021.6,14079.3,924024105,17075.39
07-AUG-2023,14120.25,14159.65,14081.35,14149.95,918627336,15967.79
08-AUG-2023,14198.5,14210.4,14080.95,14186.2,1048046335,18468.33
09-AUG-2023,14212.15,14237.3,14143.95,14230.05,732321926,18039.36
10-AUG-2023,14255.7,14276.8,14175,14228.5,951198977,18584.26
11-AUG-2023,14292.75,14297.1,14172.8,14190.3,783221249,18177.55
14-AUG-2023,14181,14182.5,13985.3,14153.95,809885242,13899.35
16-AUG-2023,14138.1,14188.5,14078.9,14172.6,787769895,15021.18
17-AUG-2023,14209.8,14258.05,14191.55,14215.2,849997846,14312.46
18-AUG-2023,14226.95,14253.25,14159.2,14193.45,694285495,14014.39
21-AUG-2023,14227.9,14311.7,14205.95,14302.15,679158703,12881.13
22-AUG-2023,14353.15,14460.5,14343.1,14454.1,995151181,15199.5
23-AUG-2023,14506.45,14556.9,14496.8,14508.75,772554358,16368.62
24-AUG-2023,14596.9,14633.05,14534.5,14547.85,876353011,26478.03
25-AUG-2023,14526.1,14556.05,14407.95,14440.65,1022617416,15695.28
28-AUG-2023,14492.75,14530.5,14456.9,14502.6,1052747053,13965.84
29-AUG-2023,14542.45,14572.45,14524.55,14559.3,1057649311,16839.83
30-AUG-2023,14624.8,14675.85,14620.1,14654.45,834694622,15694.05
31-AUG-2023,14704.5,14728.65,14625.55,14693.85,1825164017,44355.37
01-SEP-2023,14719.35,14820.25,14679.6,14810.15,2262928236,20335.4
04-SEP-2023,14880.4,14958.9,14810.15,14935.05,2282094761,21322.8
05-SEP-2023,14998.45,15114.9,14935.05,15100.7,1859364609,22986.29
06-SEP-2023,15146.3,15146.75,15063.4,15104.05,1263411175,17221.7
07-SEP-2023,15135.25,15209.65,15104.05,15200.05,1182333982,15740.82
08-SEP-2023,15250.25,15351.15,15246.45,15341.05,1274633835,19049.58
11-SEP-2023,15431.5,15513.75,15410.65,15504.9,1693014803,20311.86
12-SEP-2023,15598.5,15599.05,15027,15045.1,2027405237,24433.54
13-SEP-2023,15038.2,15114.05,14836.15,15063.55,1550108388,19879
14-SEP-2023,15142.15,15222.15,15122.75,15204.15,1128539263,16663.71
15-SEP-2023,15279.55,15298.25,15194.05,15222.7,1655925937,20396.55
18-SEP-2023,15251.1,15252.4,15159.4,15168.65,1735698134,16441.82
20-SEP-2023,15122.8,15183.05,15057.25,15121.1,1024080770,14973.81
21-SEP-2023,15100.5,15164.7,14961.1,14990.9,966000015,14011.95
22-SEP-2023,15013.55,15062.45,14892.85,14975.5,1082288343,13557.35
25-SEP-2023,15002.65,15071.7,14891.1,15054.85,887272221,14975.15
26-SEP-2023,15068.95,15105.65,15022.1,15045.6,1057570460,12603.51
27-SEP-2023,15074.5,15168.85,15039.55,15158.3,1070405039,15062.65
28-SEP-2023,15196.5,15205.35,14970.55,14985.5,1129420861,18847.96
29-SEP-2023,15043.85,15186.35,15003.8,15141.05,851919244,16397.32
03-OCT-2023,15156.8,15194.9,15089.05,15180.45,868149920,14176.6
04-OCT-2023,15148.15,15151.05,14888.25,14984.95,987123054,14831.65
05-OCT-2023,15053.6,15104.85,14965.35,14975.7,678315033,11704.9
06-OCT-2023,15034.3,15074.75,15002.2,15063.5,643100735,11539.83
09-OCT-2023,14926.3,14959.75,14832.75,14861.5,962099393,12546.54
10-OCT-2023,14925.35,15061.2,14924.7,15046.4,651390938,14052.05
11-OCT-2023,15134.6,15205.25,15111.5,15121.55,886071166,14132.2
12-OCT-2023,15182.1,15205.15,15142.9,15158.1,657750205,12455.45
13-OCT-2023,15112.8,15189.7,15088.85,15141.35,844056853,12394.85
16-OCT-2023,15166.2,15202.1,15129.75,15167.45,675986642,12827.36
17-OCT-2023,15248.35,15270.65,15208.5,15234.35,919621670,15020.24
18-OCT-2023,15258.7,15274.1,15100.95,15125.75,712430507,15089.27
19-OCT-2023,15073.6,15122.2,14989.65,15106.95,685133975,13170.18
20-OCT-2023,15087.15,15111.85,14923.95,14963.1,844756811,15124.17
23-OCT-2023,14972.95,14999.8,14512.2,14557.1,1066615062,17337.63
25-OCT-2023,14606.75,14653.05,14326.5,14470.25,979466578,15054.7
26-OCT-2023,14390.3,14400,14133.3,14305.25,960910494,16790.12
27-OCT-2023,14399,14561.9,14398.85,14513.7,764476724,13180.01
30-OCT-2023,14547.65,14557.8,14403,14533.4,956651979,13981.68
31-OCT-2023,14607.35,14658.95,14556.15,14566.3,763612332,11938.2
01-NOV-2023,14604.15,14612.95,14529.2,14545.1,1399723763,12856.09
02-NOV-2023,14638.9,14729.55,14637.5,14718.5,1159913060,14581.74
03-NOV-2023,14813.65,14841.25,14780.45,14819.1,1187969938,13642.71
06-NOV-2023,14917,14964.7,14887.9,14953.75,691089759,14111.35
07-NOV-2023,14987.6,15023.7,14940.4,14994.1,797451561,14578.86
08-NOV-2023,15070.45,15149.7,15066,15138.7,1056308113,15339.04
09-NOV-2023,15174.15,15199.8,15132,15142.8,1158419453,15175.49
10-NOV-2023,15136.45,15212.9,15058.2,15199.15,821293508,12717.43
12-NOV-2023,15322.4,15342.15,15287,15298.95,188498587,2337.14
13-NOV-2023,15284.85,15309.7,15223.15,15292.2,1165777456,15202.77
15-NOV-2023,15425.8,15434.75,15378.05,15424.75,1366704742,17852.25
16-NOV-2023,15450.65,15567.15,15432.55,15532.8,956696952,14543.42
17-NOV-2023,15520.15,15601.75,15492.9,15586.1,1545859953,19071.77
20-NOV-2023,15628.4,15654.4,15562.8,15589.7,1103502936,15630.82
21-NOV-2023,15650.7,15663.8,15583.25,15595.1,867939634,14971.27
22-NOV-2023,15623.45,15645.4,15511,15625.85,844406309,15647.4
23-NOV-2023,15677.75,15687.2,15633.65,15641.6,750497533,12893.39
24-NOV-2023,15679,15708.3,15652.35,15673.5,819282387,17649.13
28-NOV-2023,15733.9,15745.55,15680.75,15734.35,1006065793,20074.05
29-NOV-2023,15814.5,15853.9,15808.45,15838.85,920025689,19039.55
30-NOV-2023,15873.6,15990.05,15796.25,15963.25,1782378190,49713.49
01-DEC-2023,16043.4,16127.95,16034.75,16104.8,963084722,21052.13
04-DEC-2023,16362,16370.8,16223.2,16302.45,1128722267,22956.15
05-DEC-2023,16364.4,16392.75,16214.4,16364.1,1097681075,22125.07
06-DEC-2023,16431.2,16460,16308.25,16389.05,987328676,21920.83
07-DEC-2023,16417.15,16489.45,16322.85,16479.85,1214864699,21836.18
08-DEC-2023,16534.25,16560.65,16322.2,16447.95,1492573491,23184.73
11-DEC-2023,16502.2,16571.65,16472.05,16560.5,1524215323,21386.74
12-DEC-2023,16621.45,16631.2,16410.2,16490.5,1735891162,28446.34
13-DEC-2023,16543.85,16647.9,16457.95,16629.55,1634100700,24189.94
14-DEC-2023,16749.8,16832.25,16724.1,16813.75,2129015432,30071.06
15-DEC-2023,16907,16916.5,16826.9,16850.05,1777009853,30355.23
18-DEC-2023,16874.5,16938.55,16771.3,16902.45,1648560169,21482.86
19-DEC-2023,16946.5,16957.6,16769.85,16836.75,1475393630,21331.49
20-DEC-2023,16922.4,16982.85,16265.2,16323.9,1905560302,29802.16
21-DEC-2023,16181.6,16579.6,16066.85,16560.65,1523132430,23749.78
22-DEC-2023,16661.35,16737.6,16575.5,16693,1112996176,19724.14
26-DEC-2023,16761.8,16826.7,16712.05,16787,977432773,18558.92
27-DEC-2023,16873.5,16932.4,16775.9,16852.45,760450181,18294.6
28-DEC-2023,16909.4,16944.55,16848.4,16933.75,1088675654,22603.97
29-DEC-2023,16972.9,17102.4,16907.6,17077.05,2735973623,23766.47
01-JAN-2024,17135,17229,17104.85,17174,3005367489,20630.56
02-JAN-2024,17214.95,17238,16961.25,17148.1,2456015603,24277.2
03-JAN-2024,17176.85,17232.3,17082.6,17189.95,1764537582,21760.76
04-JAN-2024,17264.7,17454.9,17259.4,17443.75,1523982033,23253.88
05-JAN-2024,17525.15,17575.65,17376.55,17499.65,2126225718,24231.3
08-JAN-2024,17550.85,17560.25,17334.45,17350.55,2015873594,22227.32
09-JAN-2024,17472.85,17517.95,17356.25,17382,1877882513,26319.89
10-JAN-2024,17411.85,17433.5,17251.65,17425.35,1699922723,23340.02
11-JAN-2024,17492.35,17536.4,17449.2,17500.5,1315434787,28012.18
12-JAN-2024,17583.3,17589.55,17511.95,17563.85,1212587120,22512.95
15-JAN-2024,17659.55,17685.8,17537.25,17656.35,1651910396,29371.62
16-JAN-2024,17706.95,17738.25,17453.5,17599.8,2274738364,31371.53
17-JAN-2024,17455.7,17564.35,17331.5,17413.15,2043479248,31310.56
18-JAN-2024,17386.5,17431.5,16978.05,17409.45,1837157949,35326.89
19-JAN-2024,17546.9,17687.2,17508.5,17670.85,1733489616,37812.46
20-JAN-2024,17799.1,17836.45,17688.7,17724.7,1106727455,18396.15
23-JAN-2024,17857.9,17868,17110.05,17204.35,2088556184,38230.02
24-JAN-2024,17240.95,17518.35,17033.4,17495.55,1984366717,34446.53
25-JAN-2024,17546.7,17559.25,17334.5,17413.75,1527267340,26990.04
29-JAN-2024,17490.35,17678.9,17459.2,17669.7,1530514943,28673.17
30-JAN-2024,17756.65,17782.05,17582.95,17607.15,1501682911,26586.31
31-JAN-2024,17636.9,17893.95,17627.6,17884.7,1208221725,26657.47
01-FEB-2024,17937.1,17937.15,17668,17782.8,1581996447,30034.43
02-FEB-2024,17863.05,17976.7,17844.1,17873.35,1910785836,32726.97
05-FEB-2024,17940.15,18032.65,17829.15,17871.55,2161843859,36081.46
06-FEB-2024,17955.65,18092.95,17853.5,18082,2385300930,34459.89
07-FEB-2024,18208.35,18252.7,18076.35,18203.35,3226252679,31316.82
08-FEB-2024,18341.5,18345.1,18133.6,18161.85,3243952551,34357.24
09-FEB-2024,18200.45,18201.35,17715.35,18003.1,3201753698,35449.86
12-FEB-2024,18090.4,18091.8,17520.6,17572.25,2195574251,32274.73
13-FEB-2024,17598.15,17645.9,17293.6,17622.65,2014464338,29114.82
14-FEB-2024,17442.6,17828.75,17371.25,17773.85,1754462254,24459.78
15-FEB-2024,17887.35,17966.4,17868.95,17941.8,1639660797,25788.03
16-FEB-2024,18027.25,18111,17988.1,18081.7,1442414239,26401.59
19-FEB-2024,18193.75,18234.1,18136.65,18166.65,1424503155,24575.61
20-FEB-2024,18184.95,18229.3,18085,18137.4,1366080554,22392.59
21-FEB-2024,18201.75,18216.45,17896.7,17939.45,1667681924,25185.71
22-FEB-2024,18019.4,18103.5,17782.1,18082.9,1818128654,21267.07
23-FEB-2024,18165.9,18222.4,18104.55,18149.05,2777200093,23516.48
26-FEB-2024,18168.45,18196.2,18012.5,18093,1628353803,28020.65
27-FEB-2024,18114.3,18183.55,18014.15,18074.3,1680803635,22681.89
28-FEB-2024,18117.25,18126.15,17708.3,17749,2658799162,24202.95
29-FEB-2024,17749,17882.8,17559.9,17831.1,2838189606,43232.3
01-MAR-2024,17925.05,17985.75,17890.75,17974.65,1627960905,23006.82
02-MAR-2024,18049.65,18122.7,18034.85,18093,167794169,2148.74
04-MAR-2024,18138.8,18145.8,18027.8,18110.05,1322286017,28071.37
05-MAR-2024,18121.6,18156,18023.55,18065.2,1232514649,21568.82
06-MAR-2024,18094.6,18102.3,17700.2,17950,1557705361,26574.93
07-MAR-2024,17978.35,18061.95,17956.85,17995.7,917082399,22433.82
11-MAR-2024,18079.1,18081.05,17884.5,17911.75,964186866,22759.65
12-MAR-2024,17937.3,17957,17600.4,17685.6,1136735842,22141.73
13-MAR-2024,17720.55,17757.2,16838.2,16948.25,2235421481,29908.77
14-MAR-2024,16854.9,17341.5,16717.95,17308.75,2052878557,26109.87
15-MAR-2024,17315.9,17399.9,17031.95,17254.2,1853760203,32426.72
18-MAR-2024,17250.2,17306.3,17068,17215.85,1041042917,20856.6
19-MAR-2024,17227.45,17231.1,16954.95,17022.65,994589013,18948.92
20-MAR-2024,17085.05,17125.45,16832.7,17011.75,1009904352,18429.27
21-MAR-2024,17186.65,17407.55,17184.95,17396.3,910916571,19565.2
22-MAR-2024,17386,17518.05,17343.9,17502.8,1373773925,20817.08
26-MAR-2024,17459.7,17680.85,17457.55,17664.35,1161005203,25216.76
27-MAR-2024,17725.25,17778.4,17672.15,17685.85,1239452721,25366.94
28-MAR-2024,17783.15,17814.25,17676.3,17766,1245518128,21869.72
01-APR-2024,17902.85,18101.75,17882.9,18084.7,1311916228,20979.69
02-APR-2024,18151.1,18300.35,18088.35,18286.35,1469748851,26092.91
03-APR-2024,18272.85,18400,18224.7,18378.6,1600158591,27316.12
04-APR-2024,18503.4,18523.65,18330.8,18385.95,1835874811,22049.63
05-APR-2024,18398.8,18500.8,18369.75,18473.25,1511760873,21741.06
08-APR-2024,18593.85,18594.9,18428.9,18511.15,1528850272,25191.09
09-APR-2024,18599,18606.3,18411.4,18465.55,1051858398,21664.66
10-APR-2024,18529.6,18647.25,18486.75,18625.4,1324779773,23400.96
12-APR-2024,18620.8,18722.05,18517,18534.7,1941100875,24252.18
15-APR-2024,18206.05,18392.95,18062.4,18283.2,1709385038,23114.95
16-APR-2024,18185.2,18373.45,18133,18260.6,1850748643,20623.92
18-APR-2024,18362.8,18445.05,18161.25,18195.65,1527896197,21696.15
19-APR-2024,18042.8,18178.9,17833.55,18111.25,1500605740,19278.7
22-APR-2024,18265.75,18302.95,18205.05,18234.3,2517592399,22265.1
23-APR-2024,18342.45,18441.95,18308.8,18417.95,3681345728,27200.56
24-APR-2024,18513.05,18582.15,18493.45,18568.3,2498040139,27417.24
25-APR-2024,18578.15,18660.9,18507.3,18643.25,9339498103,36656.61
26-APR-2024,18699.2,18812.4,18689.3,18782.5,5067098355,33740.3
29-APR-2024,18836.25,18861.2,18754.35,18847,2731040285,29940.49
30-APR-2024,18914.55,19009.95,18875.95,18893,2046501027,28026.18
02-MAY-2024,18971.85,19002.35,18891.8,18975.25,1804903579,25677.85
03-MAY-2024,19052.45,19064.05,18809.7,18907.7,2629104367,32569.81
06-MAY-2024,19023.65,19025.25,18689.8,18821.3,1663632661,25162.96
07-MAY-2024,18860.85,18866.45,18365.2,18471.85,2436320435,26177.1
08-MAY-2024,18446.85,18615.45,18335.05,18568.7,1534688413,24094.78
09-MAY-2024,18602.15,18617.55,18211.85,18245.35,1409040083,21119.4
10-MAY-2024,18303.45,18441.7,18081.1,18423.3,1160550659,21353.72
13-MAY-2024,18435.8,18545.35,18100.95,18516.75,1251592928,23415.46
14-MAY-2024,18563.8,18705.9,18497.3,18690.1,1492954944,20411.19
15-MAY-2024,18755.1,18889.9,18747.4,18865.2,1084496294,22029.92
16-MAY-2024,18931.55,19067.15,18908.85,19048.8,1181001786,26537.76
17-MAY-2024,19111.55,19257.7,19073,19249.2,1349991539,28381.91
18-MAY-2024,19340.5,19379.35,19325.75,19352.6,244343468,3907.61
21-MAY-2024,19372.95,19425.9,19224.7,19413.2,1794102446,35036.71
22-MAY-2024,19498.2,19550.7,19320.8,19469.35,1463374734,32405.32
23-MAY-2024,19553.3,19575.25,19421.35,19562.55,1885194062,31483.99
24-MAY-2024,19584.1,19667.65,19521.7,19553.15,3907609014,32307.2
27-MAY-2024,19642,19717.4,19523.6,19625.9,2035052338,35071.3
28-MAY-2024,19676.15,19709.7,19394,19474.95,1491540773,27112.7
29-MAY-2024,19427.4,19495.1,19336.55,19421.2,1237244130,25039.4
30-MAY-2024,19419.55,19434.45,19165.65,19196.7,1860842395,29422.41
31-MAY-2024,19305.95,19382.2,19123.1,19308.75,4088326077,82373.32
03-JUN-2024,20033.15,20033.15,19716.55,19889.85,2697211219,38569.46
04-JUN-2024,19921.7,19921.7,17744.85,18476.25,5139573841,53985.27
05-JUN-2024,18681.55,19245.55,18188.8,19189.8,2963167593,38458.77
06-JUN-2024,19400.8,19714.05,19385.95,19607.2,1939230692,32727.95
07-JUN-2024,19665.1,19898.25,19593.9,19884.25,2025307454,26753.34
10-JUN-2024,19992,20084.9,19871.7,19956.65,2120246992,37107.4
11-JUN-2024,20042.45,20201,19987.8,20119.55,2023019908,25845.4
12-JUN-2024,20204.35,20338.85,20192.35,20321.2,1862011575,25429.84
13-JUN-2024,20473.55,20520.85,20373.3,20480.05,1447460064,27102.02
14-JUN-2024,20547.85,20710.2,20490.4,20698.25,1915590101,33752.59
18-JUN-2024,20784.4,20825.4,20701,20809.75,1634622782,31541.48
19-JUN-2024,20879.95,20880.05,20504.05,20591.65,3300800499,59438.46
20-JUN-2024,20671.5,20780.6,20558.2,20766.7,1625965749,27874.46
21-JUN-2024,20863.1,20890.7,20696.75,20735.25,2785501431,39048.92
24-JUN-2024,20700.2,20831.75,20550,20784,1783040719,29149.38
25-JUN-2024,20855.2,20922.9,20697.9,20734.55,1306790751,22985.1
26-JUN-2024,20763.65,20789.75,20657.55,20680.7,2268776247,28631.4
27-JUN-2024,20729.75,20850.8,20574.7,20723.15,2400891357,39432.19
28-JUN-2024,20788.2,20893.9,20774.65,20831.95,2818921752,38183.98
01-JUL-2024,20898.35,21045.05,20851.2,21029.9,1490981257,26882.58
02-JUL-2024,21105.7,21117.85,20792.65,20909.9,1469774725,27058.56
03-JUL-2024,21021.1,21105.2,20966.8,21072.75,1572207187,28184.78
04-JUL-2024,21162.65,21238.95,21093.5,21215.3,1450272412,37109.39
05-JUL-2024,21246.25,21369.05,21185.8,21352.5,2300356190,38749.58
08-JUL-2024,21428.25,21444.75,21224.4,21289.35,1960453116,37534.41
09-JUL-2024,21387.75,21439.55,21257.3,21347.5,1555317008,32595.84
10-JUL-2024,21443.7,21453.8,20855.4,21266.6,1564555988,36518.96
11-JUL-2024,21370.5,21386.6,21251.6,21312.15,1805025896,34236.95
12-JUL-2024,21400.3,21401.85,21250.5,21300.25,1642551092,32764.24
15-JUL-2024,21395.15,21457.55,21223.5,21448.85,1766442689,30558.06
16-JUL-2024,21528.45,21554.45,21419.15,21456.5,1771308573,26816.05
18-JUL-2024,21452.95,21456.95,21135.85,21255.6,1651348555,31713.97
19-JUL-2024,21243.2,21243.2,20770.05,20812.25,,
22-JUL-2024,20740.8,21074.1,20589.95,21040.35,1465335133,30829.45
23-JUL-2024,21151.65,21165.85,20264.9,20947.8,2369611337,37782.3
24-JUL-2024,20962.45,21163.8,20930.95,21133.35,1418270762,29051.88
25-JUL-2024,20982.7,21132.25,20937.75,21080.45,1620743119,26749.77
26-JUL-2024,21168.95,21463.05,21165.05,21442.4,1766859125,30863.64
29-JUL-2024,21606.5,21671.75,21547.45,21644.85,1577522385,34153.78
30-JUL-2024,21685.35,21803.05,21655.65,21749.5,1225887776,27669.43
31-JUL-2024,21852.7,21913.1,21777.8,21860.95,1724683885,33001.27
01-AUG-2024,21960.8,21969.4,21598.3,21706.45,1249865649,25260.5
02-AUG-2024,21499.2,21617.45,21387.25,21492.25,1326490925,25478.94
05-AUG-2024,20917.25,21056.15,20594.75,20734.85,1948752188,33512.86
06-AUG-2024,20888.25,21138.85,20555.95,20611.15,1079444707,24289.38
07-AUG-2024,20969.25,21085.25,20786.9,21063.7,965173258,25634.77
08-AUG-2024,21114,21176.2,20964.65,20991,1141416000,25725.38
09-AUG-2024,21173.75,21233.65,21100.05,21151.35,966876806,23203.27
12-AUG-2024,21089.75,21247.45,20976.1,21208.7,1156120023,29539.51
13-AUG-2024,21298.9,21318.35,21010.55,21044.95,1306366349,23336.27
14-AUG-2024,21116.8,21135.35,20842.2,20917.75,1131062731,25121.51
16-AUG-2024,21061.25,21310.8,21027.35,21298.35,932882771,22921.52
19-AUG-2024,21413.35,21455.6,21302.5,21351.4,909217299,22407.27
20-AUG-2024,21452.4,21540.95,21386.65,21529.05,837027383,24337.73
21-AUG-2024,21547.1,21634.7,21500.4,21617.7,872760682,26979.83
22-AUG-2024,21719.7,21792.5,21687,21760.35,922385994,25499.82
23-AUG-2024,21801.65,21809.1,21633,21645.65,1103217937,25281.64
26-AUG-2024,21746.75,21778.5,21678,21758.45,800391994,23290.35
27-AUG-2024,21811.75,21884.05,21788.25,21869.75,984797597,28173.94
28-AUG-2024,21934.45,21943.4,21760.85,21838.7,995406215,24902
29-AUG-2024,21865.45,21880.5,21618.05,21741.35,1351428819,22640.07
30-AUG-2024,21832.6,21956.35,21773.15,21925.45,5193448613,63546.36
02-SEP-2024,22014.15,22015.15,21800.45,21862.85,1408399861,26848.46
03-SEP-2024,21912.25,21983.2,21892.9,21913.8,750559876,23764.41
04-SEP-2024,21763.1,21913.1,21721.35,21895.35,786797644,24953.5
05-SEP-2024,22002.95,22030.85,21943.55,21976.9,928416771,29590.76
06-SEP-2024,22003.95,22030.85,21639.4,21675.8,2471492805,26265.59
09-SEP-2024,21665.5,21672.7,21415.95,21621.4,1244232871,22622.33
10-SEP-2024,21766.45,21902.15,21757.05,21853.55,1065367519,23300.2
11-SEP-2024,21921.65,21991.6,21760.95,21798.95,1091828493,21370.3
12-SEP-2024,21963.5,22061.95,21893.5,22047.7,1049151530,21419.94
13-SEP-2024,22127,22243.55,22093.5,22190.35,888342413,26302.13
16-SEP-2024,22306.05,22314.85,22188.15,22264.7,831496703,24690.61
17-SEP-2024,22311.5,22320.6,22174.2,22235.35,651671636,20538
18-SEP-2024,22261.3,22283.45,21971.55,22079.9,789779759,24762.89
19-SEP-2024,22190.75,22245.85,21621.6,21965.15,3196525724,32079.34
20-SEP-2024,22064.4,22326.35,21971.8,22256.1,2336989922,39256.15
23-SEP-2024,22369.15,22442.55,22261.25,22423.7,2303333628,26995.39
24-SEP-2024,22481.75,22508.75,22431.1,22493.5,1095792035,22976.68
25-SEP-2024,22509.85,22515.4,22294.15,22357.4,903246333,22428.52
26-SEP-2024,22412.35,22416.3,22192.75,22367.85,1510162726,25068.36
27-SEP-2024,22410.55,22434.55,22323.85,22360.85,1830488636,28554.77
30-SEP-2024,22302.65,22363.1,22175.8,22311.95,1054782316,23074.32
01-OCT-2024,22339.75,22400.3,22221.15,22379.75,810886822,21045.88
03-OCT-2024,22069.45,22277.25,21847.4,21904.7,1050081718,27905.89
04-OCT-2024,21878.65,21983.05,21496.2,21710.6,1101674692,26269.37
07-OCT-2024,21795.95,21834.25,21106.05,21264.5,1434902338,25819.77
08-OCT-2024,21191,21726.4,21119.45,21685.65,1145475009,26845.56
09-OCT-2024,21831.8,22040,21817.7,21918.3,1061356306,25841.77
10-OCT-2024,22037.2,22087.4,21850.1,21885.65,711858521,23852.44
11-OCT-2024,21917.85,21994.3,21851.3,21979.15,756607443,22271.19
14-OCT-2024,22029.95,22072.95,21920.5,22058.8,702987044,23298.22
15-OCT-2024,22136.15,22146.15,22020,22128.65,724474733,20839.95
16-OCT-2024,22103.4,22151.05,21979.3,22085.1,719703976,23619.67
17-OCT-2024,22116.05,22123.25,21702.2,21718.5,716973745,20746.08
18-OCT-2024,21625.75,21785.35,21384,21755.65,697277400,23073.23
21-OCT-2024,21807.5,21869.5,21406.2,21429.9,914889401,23628.08
22-OCT-2024,21436.75,21468.9,20850.45,20879.45,1041925627,23686.7
23-OCT-2024,20846.3,21162.35,20655.85,20985.25,1131907213,29335.5
24-OCT-2024,20987.4,21074.75,20884.15,20932.75,862131148,23905.58
25-OCT-2024,20983.85,20996.65,20365.8,20563.7,1252395163,27742.59
28-OCT-2024,20575.75,20773.95,20472.2,20695.55,1597466390,21641.65
29-OCT-2024,20779.95,20888.8,20516.85,20867.4,1103415240,22090.41
30-OCT-2024,20836.9,21067.6,20773.3,20916.7,1563990964,23855.24
31-OCT-2024,20919.35,20942.55,20750.35,20876.7,1230417618,20257.54
01-NOV-2024,21014.75,21077.6,20993,21021.1,357184873,2978.29
04-NOV-2024,21042.4,21042.4,20663.45,20767.4,1116387645,18058.46
05-NOV-2024,20737.2,20882.75,20563.7,20862.1,1036272658,21249.43
06-NOV-2024,20972.9,21324.2,20945.9,21298.5,872200950,25340.31
07-NOV-2024,21388.15,21434.75,21173.45,21194.85,833648953,20041.02
08-NOV-2024,21229.85,21235,20870.15,20919.9,827277851,22198
11-NOV-2024,20871,20923.75,20714.45,20749.95,865603274,19057.72
12-NOV-2024,20825.25,20935.45,20507.4,20560.6,697137056,18050.73
13-NOV-2024,20478.7,20506.7,19955.75,20010.75,1084267964,20055.21
14-NOV-2024,20033.45,20247.2,20030.4,20105.25,850356467,17430.04
18-NOV-2024,20181.8,20213.9,19936.85,20068.55,974734654,19623.02
19-NOV-2024,20143.5,20429.2,20142.4,20258.1,833782927,17801.23
21-NOV-2024,20247.25,20270.4,20014.25,20180.9,1252970184,21073.68
22-NOV-2024,20208.6,20427,20171.2,20412.65,1132299740,18304.4
25-NOV-2024,20742.9,20833.1,20706.2,20725.7,1733925444,47876.4
26-NOV-2024,20799.65,20880.8,20718.4,20735.1,2247993244,18794.21
27-NOV-2024,20794.4,20849.85,20650.15,20838.2,1584854521,20348.67
28-NOV-2024,20885.65,21001.3,20794.2,20839.9,1582476965,21473.65
29-NOV-2024,20860.05,20941.1,20792.7,20906.65,1052664834,20916.59
02-DEC-2024,20911.05,21126.45,20849.65,21105.95,772392907,19311.9
03-DEC-2024,21228.05,21303.75,21193,21291.35,850195376,22190.72
04-DEC-2024,21368.1,21500.05,21327.75,21485.15,1115828398,23761.12
05-DEC-2024,21595.8,21602.75,21431,21577.65,1446314987,26553.12
06-DEC-2024,21622.55,21686.95,21532.65,21665.4,1002755949,22680.5
09-DEC-2024,21661,21774.85,21646.5,21748.5,802649048,21637.61
10-DEC-2024,21774.5,21824,21703.95,21809.1,888095486,20859.49
11-DEC-2024,21825.55,21898.85,21807.8,21879.55,662062764,16111.45
12-DEC-2024,21907.5,21917.55,21744.15,21770.05,780288094,18083.91
13-DEC-2024,21722.65,21762.15,21411.7,21748.1,1011159095,18888.37
16-DEC-2024,21805.45,21914.65,21794.5,21898.8,547509683,18150.4
17-DEC-2024,21904.75,21960.25,21724.7,21754.1,915229826,22622.52
18-DEC-2024,21756.6,21770.1,21531.75,21623.1,855470792,20218.25
19-DEC-2024,21267.3,21588.55,21247.9,21571.3,664142280,18225.35
20-DEC-2024,21638.95,21665.3,21017.7,21050.6,966251559,24591.78
23-DEC-2024,21144.65,21197,20933,21076.15,675554340,15909.44
24-DEC-2024,21100.6,21160.9,20959.15,21080.7,611037093,15292.29
26-DEC-2024,21108.05,21150.4,20937.05,21096.85,621320895,14658.84
27-DEC-2024,21143.05,21179.2,21059.25,21071.85,461356371,12367.13
30-DEC-2024,21067.25,21170.6,20921.85,21109.25,1301224728,27987.8
31-DEC-2024,21015,21187.05,20864.95,21141.2,851615603,17731.3
01-JAN-2025,21148.8,21257.15,21083.6,21246.5,754058005,12784.94
02-JAN-2025,21286.75,21491.85,21228.9,21473.15,877669947,17372.48
03-JAN-2025,21512,21579.35,21390.75,21419.3,1025924717,18644.97
06-JAN-2025,21477.45,21481.1,20815.15,20879.65,1049323233,19243.98
07-JAN-2025,20930.3,21142.2,20928,21060.8,864263436,17755.86
08-JAN-2025,21099.8,21104.7,20649.2,20840.3,801023175,20094.89
09-JAN-2025,20852.5,20911.25,20646.05,20674.25,765946187,20981.27
10-JAN-2025,20632.5,20659.2,20234.1,20252.95,890589714,20553.97
13-JAN-2025,20015.55,20070.5,19393.85,19458.3,1330331888,24259.11
14-JAN-2025,19536.35,19930.6,19535.7,19883.35,1233577426,21333.85
15-JAN-2025,19973.45,20091.3,19798.65,19955.4,1981058516,23354.89
16-JAN-2025,20146.45,20277.5,20134.1,20172.65,1087261557,21562.92
17-JAN-2025,20181.45,20264.7,20062.35,20195.9,952637751,17666.97
20-JAN-2025,20310.8,20398.45,20083.25,20350.9,2311665633,21579.85
21-JAN-2025,20384.95,20406.85,19926.6,19946.3,1046820894,22216.49
22-JAN-2025,19974.15,19992.35,19431.25,19696.9,893578560,23178.57
23-JAN-2025,19717.45,20102.8,19682.45,20047.95,818495267,23147.73
24-JAN-2025,20053.35,20114.25,19648.7,19708.95,740391170,21005.49
27-JAN-2025,19528.65,19533,19091.9,19152.1,1148529302,20866.56
28-JAN-2025,19190.75,19241.1,18778,19019.1,1084102651,25306.54
29-JAN-2025,19045.55,19499.6,19042.45,19481.75,695442268,18759.59
30-JAN-2025,19566.85,19679.55,19450.65,19514.25,763775297,21412.64
31-JAN-2025,19557.85,19878.2,19514.9,19850.95,992997533,24242.61
01-FEB-2025,19931.85,20000.55,19518.7,19773.4,1600294241,25027.83
03-FEB-2025,19632.15,19683.65,19431.3,19579.2,1026683166,24601.18
04-FEB-2025,19705.25,19868.95,19653.75,19849.15,933305466,22250.35
05-FEB-2025,19934.05,20098.9,19915.3,19995.7,846922172,21911.43
06-FEB-2025,20074.7,20086.7,19739.3,19793.75,611580099,17540.95
07-FEB-2025,19814.7,19919.15,19613.5,19819.6,1058738700,18212.63
10-FEB-2025,19817.25,19843.2,19348.05,19406.95,618416668,16208.99
11-FEB-2025,19408.4,19434.2,18721.7,18837,708358171,17928.26
12-FEB-2025,18797.25,18871.8,18277.25,18766.85,1194446714,23794.72
13-FEB-2025,18795.6,19035.95,18729.35,18796.8,1161870275,19682.37
14-FEB-2025,18856.35,18891.35,18164.95,18346.8,973945255,19115.31
17-FEB-2025,18215.15,18429.65,17934,18408.45,932602023,17782.01
18-FEB-2025,18428,18453.75,18157.25,18375.85,780711197,16658.04
19-FEB-2025,18278.5,18669.85,18190.55,18644.9,786114521,20349.43
20-FEB-2025,18598.5,18904.2,18534.3,18888.8,600602670,18259.02
21-FEB-2025,18869.8,19039.85,18604.1,18681.35,814838024,20737.63
24-FEB-2025,18507.55,18567.55,18341.35,18503.9,640215227,15313
25-FEB-2025,18485.95,18595.1,18371.05,18408.75,534131950,14666.5
27-FEB-2025,18413.1,18453.95,18113.9,18176.85,853270879,22760.48
28-FEB-2025,18025.4,18032.15,17591.9,17750.55,1240596574,34231.08
03-MAR-2025,17768.55,17822.95,17379.6,17778.55,1088903403,22576.21
04-MAR-2025,17583.1,17895,17449.95,17807.3,952006244,20642.91
05-MAR-2025,17756.75,18250.55,17756.75,18240.15,988061667,26115.11
06-MAR-2025,18407.55,18477.45,18283.2,18341,801117149,18596.85
07-MAR-2025,18334.9,18453.2,18261.3,18290.6,820622416,17417.29
