Date,NSE:GOLDBEES,NSE:ABB,NSE:ADANIENSOL,NSE:ADANIENT,NSE:ADANIGREEN,NSE:ADANIPORTS,NSE:ADANIPOWER,NSE:ATGL,NSE:AMBUJACEM,NSE:APOLLOHOSP,NSE:ASIANPAINT,NSE:DMART,NSE:AXISBANK,NSE:BAJAJ-AUTO,NSE:BAJFINANCE,NSE:BAJAJFINSV,NSE:BAJAJHLDNG,NSE:BANKBARODA,NSE:BEL,NSE:BHEL,NSE:BPCL,NSE:BHARTIARTL,NSE:BOSCHLTD,NSE:BRITANNIA,NSE:CANBK,NSE:CHOLAFIN,NSE:CIPLA,NSE:COALINDIA,NSE:DLF,NSE:DABUR,NSE:DIVISLAB,NSE:DRREDDY,NSE:EICHERMOT,NSE:GAIL,NSE:GODREJCP,NSE:GRASIM,NSE:HCLTECH,NSE:HDFCBANK,NSE:HDFCLIFE,NSE:HAVELLS,NSE:HEROMOTOCO,NSE:HINDALCO,NSE:HAL,NSE:HINDUNILVR,NSE:ICICIBANK,NSE:ICICIGI,NSE:ICICIPRULI,NSE:ITC,NSE:IOC,NSE:IRCTC,NSE:IRFC,NSE:INDUSINDBK,NSE:NAUKRI,NSE:INFY,NSE:INDIGO,NSE:JSWENERGY,NSE:JSWSTEEL,NSE:JINDALSTEL,NSE:JIOFIN,NSE:KOTAKBANK,NSE:LTIM,NSE:LT,NSE:LICI,NSE:LODHA,NSE:M&M,NSE:MARUTI,NSE:NHPC,NSE:NTPC,NSE:NESTLEIND,NSE:ONGC,NSE:PIDILITIND,NSE:PFC,NSE:POWERGRID,NSE:PNB,NSE:RECLTD,NSE:RELIANCE,NSE:SBILIFE,NSE:MOTHERSON,NSE:SHREECEM,NSE:SHRIRAMFIN,NSE:SIEMENS,NSE:SBIN,NSE:SUNPHARMA,NSE:TVSMOTOR,NSE:TCS,NSE:TATACONSUM,NSE:TATAMOTORS,NSE:TATAPOWER,NSE:TATASTEEL,NSE:TECHM,NSE:TITAN,NSE:TORNTPHARM,NSE:TRENT,NSE:ULTRACEMCO,NSE:UNIONBANK,NSE:UNITDSPR,NSE:VBL,NSE:VEDL,NSE:WIPRO,NSE:ZOMATO,NSE:ZYDUSLIFE,,NSE:3MINDIA,NSE:ACC,NSE:AIAENG,NSE:APLAPOLLO,NSE:AUBANK,NSE:ABBOTINDIA,NSE:AWL,NSE:ABCAPITAL,NSE:ABFRL,NSE:AJANTPHARM,NSE:ALKEM,NSE:APOLLOTYRE,NSE:ASHOKLEY,NSE:ASTRAL,NSE:AUROPHARMA,NSE:BSE,NSE:BALKRISIND,NSE:BANDHANBNK,NSE:BANKINDIA,NSE:MAHABANK,NSE:BAYERCROP,NSE:BERGEPAINT,NSE:BDL,NSE:BHARATFORG,NSE:BHARTIHEXA,NSE:BIOCON,NSE:CGPOWER,NSE:CRISIL,NSE:CARBORUNIV,NSE:COCHINSHIP,NSE:COFORGE,NSE:COLPAL,NSE:CONCOR,NSE:COROMANDEL,NSE:CUMMINSIND,NSE:DALBHARAT,NSE:DEEPAKNTR,NSE:DELHIVERY,NSE:DIXON,NSE:EMAMILTD,NSE:ENDURANCE,NSE:ESCORTS,NSE:EXIDEIND,NSE:NYKAA,NSE:FEDERALBNK,NSE:FACT,NSE:FORTIS,NSE:GMRAIRPORT,NSE:GICRE,NSE:GLAND,NSE:GLAXO,NSE:MEDANTA,NSE:GODREJIND,NSE:GODREJPROP,NSE:GRINDWELL,NSE:FLUOROCHEM,NSE:GUJGASLTD,NSE:HDFCAMC,NSE:HINDPETRO,NSE:HINDZINC,NSE:POWERINDIA,NSE:HONAUT,NSE:HUDCO,NSE:IDBI,NSE:IDFCFIRSTB,NSE:IRB,NSE:INDIANB,NSE:INDHOTEL,NSE:IOB,NSE:IREDA,NSE:IGL,NSE:INDUSTOWER,NSE:IPCALAB,NSE:JKCEMENT,NSE:JSWINFRA,NSE:JSL,NSE:JUBLFOOD,NSE:KPRMILL,NSE:KEI,NSE:KPITTECH,NSE:KALYANKJIL,NSE:LTF,NSE:LTTS,NSE:LICHSGFIN,NSE:LINDEINDIA,NSE:LLOYDSME,NSE:LUPIN,NSE:MRF,NSE:M&MFIN,NSE:MRPL,NSE:MANKIND,NSE:MARICO,NSE:MFSL,NSE:MAXHEALTH,NSE:MAZDOCK,NSE:METROBRAND,NSE:MSUMI,NSE:MPHASIS,NSE:MUTHOOTFIN,NSE:NLCINDIA,NSE:NMDC,NSE:NAM-INDIA,NSE:OBEROIRLTY,NSE:OIL,NSE:PAYTM,NSE:OFSS,NSE:POLICYBZR,NSE:PIIND,NSE:PAGEIND,NSE:PATANJALI,NSE:PERSISTENT,NSE:PETRONET,NSE:PHOENIXLTD,NSE:POLYCAB,NSE:POONAWALLA,NSE:PRESTIGE,NSE:PGHH,NSE:RVNL,NSE:SBICARD,NSE:SJVN,NSE:SKFINDIA,NSE:SRF,NSE:SCHAEFFLER,NSE:SOLARINDS,NSE:SONACOMS,NSE:STARHEALTH,NSE:SAIL,NSE:SUNTV,NSE:SUNDARMFIN,NSE:SUNDRMFAST,NSE:SUPREMEIND,NSE:SUZLON,NSE:SYNGENE,NSE:TATACHEM,NSE:TATACOMM,NSE:TATAELXSI,NSE:TATAINVEST,NSE:TATATECH,NSE:NIACL,NSE:THERMAX,NSE:TIMKEN,NSE:TORNTPOWER,NSE:TIINDIA,NSE:UNOMINDA,NSE:UPL,NSE:UBL,NSE:IDEA,NSE:VOLTAS,NSE:YESBANK,NSE:ZFCVINDIA
21/03/2025,73.95,5457.5,831.7,2362.8,954.25,1188.8,522.1,630.7,514.5,6611.55,2300.4,3892.2,1070.15,8067.85,8916.1,1847.25,12273.55,216.7,295.74,211.95,279.66,1725.8,27432.25,4814,87.54,1538.5,1523.85,405.4,695.9,506.8,5797.35,1200.15,5305.95,175.05,1111.95,2478.65,1566.7,1770.35,679.6,1480.8,3629,695.35,3891.25,2246.2,1343.1,1723.2,581.4,405.55,131.51,722.2,129.66,686.9,6916,1592.55,5044.05,559.7,1058.7,914.3,229.12,2079,4520.25,3415.95,791.35,1180.75,2801.85,11732.8,82.56,351.3,2268.85,242.42,2825.5,407.8,283.1,93.14,428.95,1276.35,1546.4,131.34,28987.4,676.8,5200.65,753.2,1784.5,2413.85,3578.1,961.2,702.95,379.5,157.28,1409.25,3162.7,3223.1,5150.05,10976.75,122.52,1391.6,537.95,467.3,264.3,227.52,918.6,#N/A,28528.6,1915.65,3328.75,1511.55,542.8,30292.1,265.25,185.52,253.26,2714.1,4979,425.85,210.84,1299.85,1200.35,4779.75,2609.85,144.96,105.84,47.98,4874.25,500.3,1293.1,1181.3,1337.1,344.1,641.25,4233.8,1022.2,1438.25,7746.8,2401.1,689.65,1977,2937.75,1747.4,2057.8,263.62,14056.8,576,1964.55,3228.3,358.65,172.52,187.3,672.1,628.25,77.36,445.35,1585.4,2935.65,1265.15,1206.45,2143.95,1787.25,3938.45,413.25,3994.55,356.95,446.4,12059.7,33910,202.8,81.37,56.29,46.8,547.95,824.7,43.56,154.82,198.14,348.85,1407.05,4822.5,312.8,625.7,629.05,934.45,2890.3,1323.4,471.2,155.09,4670.4,571.7,6471.6,1312.15,2114.7,112050.15,291.35,135.53,2415.05,630.8,1140.05,1170.25,2591.4,1073.85,54.22,2429.95,2356.6,257.49,67.51,563.1,1652.5,393.6,751.05,7644.4,1603,3456.7,42127.95,1761.05,5275.55,301.25,1666.15,4992.3,334.8,1226.15,13859.8,361.35,857.5,95.23,3809.05,3024.35,3649.15,10650.65,509.35,364.45,115.3,635,4921.65,936.6,3427.85,56.5,716,847.25,1610,5462.95,6433.85,685.75,165.04,3496.1,2706.6,1498.55,2872.15,974.1,658.85,1933.45,7.62,1429.5,17.17,11983.75
14/03/2025,74.13,5410.9,795.6,2308.5,896,1158.8,509.55,602,491,6246.8,2222,3833.85,1034,7500.05,8682.5,1875.1,11648,209.34,280.1,203.88,261.41,1627.3,26421.2,4768.3,83.92,1458.75,1508.65,389.3,674.8,495.3,5620.45,1151.5,5050.2,156.9,1056,2400,1545,1732.2,640.55,1518.1,3490,697.85,3441,2201.4,1248.65,1727,548.8,407.8,125.15,690.6,118.7,672.65,6468,1609.35,4806.25,548.35,1018.05,897.95,223.1,1995,4359.35,3175.55,744.5,1064.5,2644.5,11714.55,78.16,331.7,2202.05,229.61,2752.85,390.5,270.8,88.95,412.95,1246.65,1439.5,120.95,27700.05,642.3,4931,723.3,1747.8,2266,3499.9,941.4,660.1,362.7,152.01,1430.65,3016.4,3068.2,5150,10531.55,112.5,1354,507.75,460,264.2,204.28,880,#N/A,27564.35,1884,3201,1405.6,492.05,30220,248.13,166.49,241,2602.25,4810.6,410.1,199,1254.25,1115.9,3969.05,2546.75,138.23,98.58,45.95,4859.8,505.6,1106,1099.95,1348.25,336.35,613.55,4372.4,986.3,1340.9,7566,2389.5,645,1962.7,2865,1714.4,1979.95,251.8,13075.05,546.4,1919.75,2957.2,335.65,164.58,176.69,627.05,599.4,74.8,390,1555,2720,1235.25,1132.95,1979,1572.15,3834.4,382.85,3743.65,325,436.4,12650,33892.75,190,72.93,52.84,42.74,499.45,752.15,41.05,139.73,190.53,326.95,1324.5,4350,264,647.85,627.9,896.35,3265.95,1246,434.45,142.62,4454,520.25,6095,1196.1,2034.65,107839.2,275.5,114.84,2164.75,621.35,1051,998,2324,1082.05,51.56,2201.85,2317.9,238.24,65.15,540,1565.15,385.8,741.4,7478,1454,3370.95,40050,1728,5100,283.25,1566,5020,306.25,1097.65,13410,326.8,839.3,85.32,3653.25,3023.5,3375.2,10085.65,486.1,354.5,106.5,577.95,4762.7,900.7,3421.15,54.5,682.8,817.6,1502,5269.35,6180,648.05,146.43,3277.3,2594.95,1375.95,2871.85,931,635.2,1899.75,6.94,1459.5,16.11,12100
07/03/2025,72.21,5326.55,747.6,2247.5,837.2,1144.5,506.15,607.2,499.8,6216.1,2270,3593.6,1037.65,7574.75,8404.5,1845.3,11774.95,205.9,276.99,196.95,261.26,1630.7,27033.4,4748.25,85.02,1457.35,1458.45,380.65,667.05,495.8,5578.75,1133.25,5100.7,158.14,1045.3,2407.25,1557.95,1689.25,625.2,1460.55,3652.5,691.35,3452.05,2204.55,1214.55,1686.95,549.55,403.9,124.84,700.65,123.42,936.75,6833.85,1686,4657.55,491.7,1011.15,908.95,221.81,1935.4,4721.95,3244.7,763.15,1113,2727.85,11664.15,77.03,329.55,2238.45,232.89,2751.2,401.1,263.3,91.17,406.2,1249.8,1411.6,127.79,27985.2,630.85,5106.1,732.75,1609.3,2332.9,3611.2,962.05,648.3,351.45,151.56,1492.35,3079.35,3073.8,4999.85,10582.4,117.78,1327.85,487.75,445.45,284.8,216.83,900.8,#N/A,27723.3,1885.75,3135.85,1458.25,544.3,30768.3,260.84,160.85,242.31,2562.85,4738.05,411.7,209.78,1332.65,1097.4,4178.3,2559.6,149.93,97.41,47.96,4877.45,509.35,1135.2,1087.8,1343.05,333.7,630.05,4488.95,921.25,1335.85,7707.25,2474.15,656.65,1756.3,2899.05,1696.35,1989,255.45,13911.25,551.75,1882.65,3011.1,355.85,164.79,180.51,659.2,629.5,72.82,382.4,1641.55,2751.6,1226.2,1109.8,2008.35,1624.35,3730.6,389,3834.2,332.45,429.35,13049.35,35812.8,182.27,72.79,57.34,44.51,530.15,744.3,44.67,149.59,188.49,327.4,1333.1,4421.55,269.9,654.6,602.8,865.5,3223.85,1305.4,431.7,141.71,4822,532.4,6222.1,1151.7,2030,107202.95,274.65,113.67,2316.05,609.65,1036.6,980.75,2338.2,1120.85,52.55,2302.25,2179.45,225.04,67.13,528.95,1543.15,369.75,684.85,7569.1,1397.8,3219.1,40067.15,1749.65,5278.8,285.9,1560.15,5063.45,288.45,1144.85,13502.3,341.5,834.8,87.76,3775.9,2935.35,3274.9,9486.5,517.6,366.55,110.91,569.9,4435.7,950.15,3390.45,54.92,679.65,815.3,1383.85,5624.15,6384.8,671.55,151.98,3359.8,2577.55,1332,2701.8,870.65,629.85,1922.3,7.55,1405.45,16.88,11416.95
28/02/2025,71.1,4935.4,650.9,2096,774.4,1069.4,478.95,557.15,464.95,6052.6,2179.75,3403.95,1015.55,7902.9,8530.3,1872.3,11574.35,197.07,246.25,179.17,237.3,1570.2,26544,4595.45,80.9,1400.75,1407.5,369.35,635.55,493.3,5480.25,1116.5,4773.6,156.04,1005.15,2306.65,1575.05,1732.4,608.5,1421.8,3681.1,634.35,3088.2,2190.25,1204.1,1690.95,551.6,395,113.49,670.95,112.42,990.1,6992.65,1687.7,4477.3,464.1,950.7,856.15,207.61,1902.95,4665.95,3163.85,740.5,1130.9,2585.1,11945.85,72.9,311.45,2189.65,225.25,2657.9,364.3,250.85,87.39,360.3,1200.1,1430.5,118.59,27284,617.3,4623.5,688.8,1593.25,2225.5,3483.25,963.7,620.65,339.2,137.2,1487.85,3077.25,2948.1,4851.55,10128.45,112.1,1284.45,436.05,394.75,277.65,222.1,876.6,#N/A,26297.3,1818.55,3141.25,1438.95,565.7,30395.65,246.15,156.33,242.15,2485.95,4646.2,374.3,212.94,1337.25,1058.3,4633.7,2615.65,141.19,95.16,46.41,4729.1,488.55,975.4,1016.5,1304.4,302.45,572.6,4388.4,831.65,1268.55,7362.15,2464.6,623.7,1666.95,2717.95,1689.65,1851.3,249.85,13935.85,529.95,1765.75,2868.95,347.8,158.8,177.62,691.7,612.7,69.47,368.9,1552.8,2475.35,1149.65,1097.6,1936.3,1437.85,3584.85,370.35,3628.3,293.75,390.8,11284.35,33701.65,165.14,69.24,58.39,43.26,510.8,716.1,43.53,156.02,189.48,323.35,1355.35,4389.35,254.75,584.85,626.1,801.6,3070.15,1197.4,462.25,134.73,4533.2,496.9,5927.05,1021.1,1904.65,105373.7,270.6,105.8,2290.6,600.6,998.1,978.1,2131.05,1117.15,47,2247.25,2132.8,207.04,62.48,513.3,1484.5,342.7,714.95,7763.9,1463.6,3013.95,40515.95,1760.55,5303.9,283.3,1548.1,4713.4,281.3,1126.6,13541.9,332.4,838.8,84.11,3690.3,2795.4,3061.25,8710.6,493.9,375.3,105.02,561.5,4537.75,933.9,3329,49.71,652.4,777.35,1352.5,5411.1,6065.45,671.75,142.11,3248.5,2474.2,1262.95,2462.15,825.9,632.95,1946.15,7.55,1320.1,16.75,10941.9
21/02/2025,72.08,5291.4,670.95,2133.1,849.35,1083.25,478.65,581.75,481.95,6317.55,2257.6,3596.7,1008.95,8506.05,8396.7,1879.35,12207.85,210.27,256.1,196.41,251.3,1639.25,27334.1,4831.9,87.33,1384.15,1475.75,369.95,686.25,508.65,5757.05,1151.8,4962.45,164.21,1052.2,2431.05,1700.7,1692.5,622.85,1520.3,3852.6,653.55,3368.5,2241.65,1232.95,1733.1,574,400.9,121.33,731.1,125.11,1043.75,7537.1,1815,4510.75,496.6,981.9,880.35,233.67,1953.05,5298.5,3315.1,780.9,1215.55,2669.35,12323.45,79.89,326.25,2214.95,239.9,2795.7,389.7,261.9,94.25,403.55,1228.15,1495.4,128.78,28405.7,585.1,4921.35,722,1643.75,2324.95,3786,1004,673.2,357.2,140.76,1649.5,3179.9,3039.35,5048.2,11157.25,115.68,1306.5,477.65,438.2,306.35,230.36,885.35,#N/A,27344.1,1884,3394.1,1489.2,537.6,28941.95,260.35,157.28,250.6,2606.5,4601.25,408.65,222.53,1387.2,1115.15,5757.8,2708.5,139.38,101.51,49.71,4825.6,491.25,1009.6,1058.95,1318.05,322.5,589.95,4650.1,899.45,1324,7496.2,2458.75,687.6,1708.5,2836.15,1741.75,1932.75,273.35,13971.9,556.65,1877.25,3066.6,365.3,164.22,179.85,706.4,619.35,69.93,385.25,1526.6,2508.7,1235.55,1131.5,1991.35,1509.15,3704.3,405.3,3793.1,323,426.65,11567.1,33813.4,189.66,73.09,60.63,47.46,516.1,757.55,46.61,177.34,201.4,336.4,1444.95,4580.15,259.3,625.6,692.35,810.8,3844.45,1310.1,485.25,135.74,5123.1,544.05,6164.8,1193.55,1905.35,109263.3,270.45,115.63,2327.75,624.8,1052.2,1010.25,2119.45,1138.4,49.1,2567.55,2212.1,223.78,67.73,532.15,1581.8,392.4,766.15,8405,1562.75,3145.4,41132.3,1856.9,5710.3,301.55,1587.4,5840.1,290.6,1216.3,13717.55,371.7,835.2,92.99,3817.35,2778.9,3198.55,8850.5,507.45,384.8,112.76,575.95,4648.15,969.7,3670.05,55.17,713.75,846.05,1450.15,5960.45,5941.15,742.55,160.41,3321.55,2570.65,1289.3,2685.65,853.1,646.35,2019.4,8.04,1269,17.93,10807.55
14/02/2025,72.22,5263.75,708.4,2152.65,884.4,1062.7,488.65,573.75,489.5,6270.5,2231.3,3682.65,997.5,8506.5,8392.3,1841.3,12075.2,205.16,250.35,193.31,251,1717.05,27004.55,4939.65,85.62,1376,1459.45,354.2,673.3,519.9,5843.75,1197.05,4703.35,162.29,1058.9,2431.3,1711.25,1694.85,626.2,1498.25,3862.4,606.2,3513.7,2318.35,1260.1,1737.95,582.45,410.25,117.25,732.6,121.75,1024.4,7485.5,1856.4,4223.3,437.1,964.6,833.3,222.29,1952.4,5511.6,3237.65,759.1,1153.55,2942.6,12680.25,73.29,300.35,2195.85,230.5,2806.2,371.3,257.35,92.25,391.65,1217.25,1465.45,126.21,28556.05,539.15,4990.85,722.15,1700.5,2401.4,3934.85,1022.55,680.65,337.15,134.47,1659.1,3213.25,3013.85,5117.35,11263.85,109.44,1364.4,488.55,413.35,308.1,215.99,901.85,#N/A,26739.95,1873.95,3441.5,1303.05,534.9,27839.75,236.45,152.74,247.6,2560.25,4651.5,413.2,213.85,1332.6,1131.35,5120.55,2625,135.38,99.3,47.73,4490.55,478.3,1102.55,1078.35,1365.55,349.35,552.35,5123.45,1014.55,1236.25,7793.35,2482.45,675.2,1752.2,2734.8,1782.45,1900.5,266.25,14010.7,524.5,1857.6,2948.65,358.55,168.66,181.01,754.5,603.85,70.48,369.1,1459.4,2018,1110.2,800.7,1968.15,1604,3681.9,393.5,3752.45,312.35,416.55,11289.35,34690.95,183.79,72.12,60.6,47.39,508.45,710.2,46.58,168.16,185.67,335.5,1463.9,4657.25,228.5,584.85,669.3,839.3,3411.65,1342.65,488.4,136.96,4958.35,533.55,5572.75,1136.5,1969.9,109474.85,271.25,110.67,2394.35,633.75,1057.85,1003.65,2166.35,1138.65,49.87,2554.25,2254.9,194.28,61.93,517.2,1570.65,396.35,724.05,8962.95,1574,3162.8,41068.35,1806.9,5562.7,286.65,1569.6,5416.25,286.55,1227.15,13858.45,359.9,859,89.75,3687.85,2752.25,2931.9,8862.4,489.25,392.3,105.71,584.6,4565.2,986.55,3765.25,51.14,690.35,846.5,1503.2,6174,5293.85,733.85,155.47,3109,2622.6,1237.7,2580.5,906.25,618.35,2040.6,8.21,1213.85,17.76,10730.4
07/02/2025,71.54,5685.75,773.4,2338.8,989.5,1146.1,494.1,629.45,512.75,6790.55,2271,3743.5,1024.1,8989.4,8474.25,1798.35,11271.15,216.32,277.05,202.84,264.3,1676.75,28045.15,4870.5,94.06,1380.15,1472.25,378.25,757.45,527.1,6140.55,1240.4,5372.55,171.05,1106.75,2487.6,1725.65,1732.75,635.7,1614.1,4274.65,607.4,3818.85,2363.85,1256.9,1826.95,600.05,430.85,125.11,774.1,133.43,1079.1,7860.1,1903.65,4364.55,484.65,980.75,844.55,249.45,1929.25,5956.6,3336.9,816.1,1238.8,3198.45,13049.5,77.43,316.95,2225.1,248.9,2870.6,409.65,278.15,99.27,441.2,1266.7,1470.95,138.07,28249.1,559.55,5505.5,737.2,1749.8,2605.65,4029.4,1021.2,706.75,367.1,138.31,1692.1,3424.8,3258.6,5454.4,11640.6,117.85,1427.5,553.7,455.8,318,233.9,994.15,#N/A,28167.25,1999.1,3670.05,1427.85,592.1,29799.6,266.95,169.41,275.6,2691.7,5151.35,426.15,212.05,1472.15,1191.7,5726.1,2719.15,152.37,106.16,49.92,4951.2,479.35,1200.4,1139.45,1465.8,386.8,617.45,5227.65,1106.1,1360.9,8535.85,2612.2,723.85,1858.2,2871.9,1849.75,2350.95,315.1,15154.65,572.85,1973.05,3269.7,377.1,173.46,188.14,899.4,650.15,74.53,418.6,1516.6,2208.15,1168.8,882.6,2196.9,1876.8,3701.5,460.8,3922.35,342.5,440.35,12274,38338.3,206.75,79.54,64.09,53.21,543.35,791.8,50.37,188.65,198.9,363.3,1507.25,4879.7,258.8,642.1,688.4,894.15,3912.25,1447.8,539.4,149.21,5597.8,578.2,6194.45,1222.85,2201.15,112875.1,297.7,124.13,2518.6,649.25,1112.55,1143.2,2230.2,1240,55.5,2868.5,2244.55,216.54,66.66,599.65,1824.85,424.8,809.8,9452.7,1725.4,3543.85,42983.05,1849.35,6254.1,315.45,1643.75,5869.7,316.7,1347.7,14476.45,395.05,815.55,95.39,4011,2879.95,3279.1,9085.8,529.6,432.65,110.32,631.65,4657.85,1050.55,4020,53.61,744.85,931.4,1605.8,6436.6,5899.75,776.6,176.08,3388.05,2661.65,1407.3,2909.85,1052.75,641.35,2048.65,9.47,1383.25,19.12,11867.7
31/01/2025,69.08,5874.65,748.35,2287.8,997.55,1099.35,513.2,643.1,512.8,6810.5,2300.8,3664.65,986.1,8847.8,7885.1,1736.1,11559.7,213.39,292.65,208.09,261.1,1626.3,28729.15,5129.65,93.27,1285.85,1479.4,395.9,745.05,529.85,5577.7,1217.35,5194.3,177.12,1121.25,2508.85,1725.45,1698.75,638.05,1566.2,4339.15,594.3,3936.8,2468.8,1252.8,1858.5,616,447.5,128.49,822.3,150.94,991.2,7723.7,1879.8,4324.35,508.6,945,791.55,241.65,1901.3,5914.15,3567.4,845.45,1204.5,2989.85,12310.65,80.55,324,2313.2,262.61,2871.7,422.5,301.65,101.2,449.85,1265.1,1483.6,141.26,27795.9,543.75,6073.35,772.9,1743.95,2457.9,4112.4,1024.65,716.1,364.5,134.62,1674.45,3490.25,3269.1,5753.2,11487.45,115.49,1424,536.75,441.4,311.9,220.35,970.25,#N/A,29892.25,2007.65,3680.6,1509.55,600.95,26173.3,266.65,179.39,273.85,2694.45,5063.05,437.3,216.83,1507.3,1171.9,5305.95,2771.25,151.38,112.52,51.29,5115.9,472.75,1305,1224.05,1354.9,362.55,634.85,5433.3,1186.7,1532.3,8263.85,2821.55,780.1,1809.55,2914.05,1866.35,2325.6,321.05,14985.95,589.65,1989.45,3623.45,374.5,168.9,187.21,920.95,640.2,72.67,411.45,1524.75,1977.15,1039.6,890.55,2329.45,1927.45,3577.55,486,3869.9,358.25,450.15,12863.55,40472.25,229.7,81.12,63.24,57.32,555.75,764.7,51,202.11,403.6,347.2,1443.3,4834.85,275,653.3,703.9,932,4023.6,1409.2,503.1,145.47,5449.35,598.1,6267.85,1239.1,2080.45,113632.5,284.95,129.5,2435.4,670.65,1115.75,1061.25,2498.5,1184.85,56.13,2867.95,2258.8,221.92,66.1,583.8,1812.65,420.45,775.75,9122.05,1726.8,3483.75,44723.55,1824.6,6032.6,316.2,1641.8,6037.95,310.4,1359.5,14500.6,476.3,778.2,97.51,4043.85,2809.85,3425.8,10194.65,504.3,433.25,107.43,618.85,4617,1044.2,3968.8,58.17,746.65,986.1,1633,6336,6025.35,787.6,181.85,3863.6,2857.8,1463.45,3322.1,945.6,603.75,2146,9.05,1260.85,19.23,11034
24/01/2025,67.77,6178.9,790.45,2315.1,1012.1,1094.15,514.85,641.5,551.8,6745.05,2262.4,3579.95,948.5,8401.5,7438.6,1728.7,11290.1,225.21,270.15,200.19,263.8,1644.8,30356.5,5101.55,96.75,1223.05,1411.4,383.05,695.25,521.65,5762.6,1224.4,5206.3,175.84,1130.35,2490.75,1792.85,1649.8,621.1,1523.2,4051.9,606.9,3849.8,2368.1,1209.2,1815.65,590.5,441.6,128.26,787.5,140.68,950.8,7447.05,1875.45,4161.8,544.15,932.45,882.8,244.45,1886.2,5998.15,3458.2,821.25,1099.55,2801.4,11967.9,76.88,323.65,2207.9,256.51,2854.55,408.4,295.85,97.62,446.25,1246.3,1440.4,142.99,25783.15,527.45,5879.7,744.15,1822.2,2270.7,4152.35,992.35,734.1,363.4,129.74,1723.05,3402.15,3248.4,5490.45,11285.85,107.3,1469.75,541.7,442,320.1,215.6,957.6,#N/A,29109.65,2058.95,3625,1561.4,594.65,27282.35,251.85,170.43,271.9,2796.55,5022.7,423.4,204.3,1468.35,1212.2,5835.6,2652.2,148.83,98.37,49.65,4960.2,480.1,1241.2,1216.55,1314.4,388.25,620.55,5322.4,1184.75,1458.6,9234.6,2751.9,754.35,1815.05,2804.05,1802.95,2292.55,321.75,15584.9,551.3,2090.45,3466.3,369.05,167.37,188.11,952.9,616.05,71.49,420.35,1558.05,2099.55,1047.15,856.25,2155,1794.15,3595.4,494.75,3877.8,352.85,466.55,11410.9,41626.5,219.84,76.79,62.27,51.94,501.25,781.2,49.04,194.88,191.63,367.95,1515.85,4755.9,273.4,634.1,671,933.2,4253.5,1322.9,458.75,139.68,5431,573.3,5844.25,1375.2,2134.25,111484.55,268.05,133.59,2506.9,666.2,1040.3,1055.75,2299.55,1230.65,55.01,3009.3,2173.4,220.9,66.77,620.95,1756.75,424.5,807.45,9805.65,1694.7,3501.6,46395.25,1816.7,6360.65,322.7,1516.8,5915.8,317,1255.65,14618.6,410.1,758.3,95.46,4142.25,2583.95,3212.1,9478.2,525.05,455.35,108.17,640.45,4539.55,1043.55,3803.2,52.54,796.1,956.9,1629.45,6372.7,6114.9,782.9,184.89,3722.1,2861.25,1469.7,3232.15,913.6,552,2064.85,9.46,1456.6,18.24,10123.8
17/01/2025,66.66,6527.5,805.15,2399.8,1078.2,1163.5,551.3,673.15,536.25,6828.1,2261,3620.65,991.05,8581.4,7182.1,1680.65,10802.1,228,282.15,214.08,273.6,1627.5,31399.8,4854.4,97.88,1257.4,1442.3,387.65,749,526.05,5916.05,1309.4,5012.3,180.95,1187.75,2375.85,1788.9,1636.75,642.2,1574.2,4098,617,4116.6,2354,1225.45,1948.75,645.75,440.2,128.07,779.2,146.19,970.95,7748.15,1815.45,4090.2,568,908.6,924.65,279,1758.6,5890.3,3568.65,854.9,1176.95,2917.35,12136.35,80.4,326.15,2217.2,266.57,2813.35,433.45,302.6,100.13,482.35,1302.35,1540.5,151.13,25315.45,526.5,6183.25,764.1,1786.55,2301.25,4124.3,954.45,779.75,373.6,130.28,1660.3,3357.4,3174.85,6216.55,10580,108.7,1427.55,556.35,454.05,281.95,248.8,994.65,#N/A,29634.2,2014.9,3501.5,1570.15,597.6,27929.7,268.05,177.18,274.7,2864.95,5255.85,452.8,206.59,1501.45,1178.35,5998.75,2705.85,151.24,100.23,51.39,5106.3,468.8,1276.25,1207.5,1324.4,393.7,649.15,5582.9,1222.5,1492.65,8641.55,2683.65,772.45,1874.85,2935.25,1721.95,2358.75,338.55,17224.45,564.85,2116.5,3600.7,389.55,172.88,191.58,951.1,644.5,76.07,437.7,1679.2,2063.3,1020.75,929,2407.6,1822.95,3772.1,500,4030.85,358.9,456.85,12917.1,40597,234.8,84.01,62.56,54.89,524.45,813.35,50.64,207.1,202.5,362.7,1543.25,4541.2,297.75,634.35,692.7,968.5,4104.7,1314.65,501.5,143.03,5373.95,562.7,5810.45,1423.55,2113.15,113948.65,268.55,140.52,2600.4,664.4,1088.3,1026.65,2315.05,1199.2,56.53,2817.2,2149.6,230.56,66.63,687.75,1988.9,474.8,900.15,10027.15,1724.4,3550.9,46097.55,1855.8,5961.2,324.8,1643.6,6779.7,314.05,1472.2,14753.75,426.4,740.85,100.76,4254.85,2606.45,3227.1,9713.4,574.75,462,108.82,649.35,4560.2,1063.15,4204.25,56.84,819.55,975.35,1698.15,6212.1,6323.1,807.7,193.28,3964,2866.45,1477,3408.8,1082.65,551.7,1951.3,9.11,1596.95,18.26,11272.95
10/01/2025,65.93,6415.65,729.25,2374.4,943.05,1112.2,482.3,681.25,511.25,7036.75,2320.75,3686.25,1040.7,8764,7288.05,1701.25,10827.85,225.4,271,204.49,277.65,1615.9,31713.85,4939.2,92.83,1255.05,1468.8,368.5,752.15,517.9,5771.35,1354.4,5058.45,179.58,1174.3,2364.1,1995.1,1656.75,608.65,1600.25,4122.2,574.45,4000.5,2442.05,1249.85,1877.6,644.55,444.9,130.28,779.15,135.71,937.6,7835.7,1966.95,4228.8,539.6,900.1,917.7,280.55,1756.2,6124.4,3536.15,839.5,1283.7,3092.85,11631.1,76.6,308.25,2247.9,263.02,2901.35,404.2,299.7,98.64,459.35,1241.9,1478.3,144.88,25738.3,532,6104.8,743.25,1784.8,2283.25,4265.65,972.8,774.65,356.35,127.43,1705.6,3440.25,3274.45,6584.1,10865.2,103.62,1539.15,596.55,432.15,300.55,242.95,1004.4,#N/A,29693.95,1931.05,3364.15,1520.7,575.15,28772.8,291.1,167.63,274.1,2834.2,5376.05,462,210.57,1564.4,1199.55,5121.65,2732.65,143.96,94.27,48.75,5320.1,460.85,1200.45,1209.85,1452.75,360.95,650.2,5675.65,1251.9,1431.1,9404.15,2830.7,750.25,1922.45,2999.45,1727.5,2418.75,333.85,16709.2,589.4,2096.9,3405.9,389.1,169.7,189.1,935.15,687.2,74.53,429.55,1782.05,2190.4,1072.6,994.35,2386.5,1869.65,3795.85,486.05,3844.8,388.45,433.35,13436.35,41340.75,214.19,69.43,60.39,52.91,492.4,805.9,48.11,201.15,206.4,320.4,1632.35,4543.55,308.9,625.55,737,961.65,4177.05,1369.65,626.75,139.28,4935.65,554.9,6436.8,1449.65,2191.1,117104.55,275.55,140.78,2739.95,673.9,1077.65,1149.9,2223.15,1259.2,56.14,2915,2136.55,240.08,63.04,667.6,2128.3,455.85,847.7,11451.35,1862.95,3614.5,46745.55,1814.8,6319.65,320.35,1660.1,6538.95,308.25,1492.4,14763.75,393.3,722.55,96.92,4317.9,2601.1,3323.15,9529.95,569.55,462.6,106.03,670.2,4580.5,1055.45,4544.85,55.57,859.8,977.75,1718.9,6000.6,6401.3,834.15,188.75,3767.35,2889.3,1358.25,3454.5,1097.65,548.85,2029.5,7.75,1663.5,17.96,11389
03/01/2025,65.07,6800.15,821.25,2564.6,1038.25,1199.55,520.45,727.65,548.7,7298.35,2335.95,4025.2,1084.9,8965.7,7407.25,1701.1,11607.95,241.64,291.95,230.06,296.4,1598.85,34253.55,4834.1,101.45,1320.25,1511.25,393.65,828.05,524.9,6048.3,1352.65,5310.75,191.09,1116.65,2510,1946.65,1749.2,623,1700,4243.1,591.15,4206,2406.25,1265.05,1838.2,673.6,481.6,138.14,796.3,153.7,997.9,9025.5,1938.75,4466.2,634.4,915.05,957.85,307.45,1838.65,5733.4,3659.9,908.4,1399.55,3190.55,11934.25,83.09,339.85,2232.7,258.89,2932.35,464.8,316.05,106.4,538.05,1251.15,1447.7,160.08,26096.25,609.67,6609.7,793.4,1849.65,2482.95,4099.9,939.45,790.4,396.65,138.36,1689.45,3451.65,3402.85,7307.7,11786,124.06,1682.45,652.2,458.25,294.45,272.85,975.8,#N/A,30623.95,2054.95,3381.75,1616.75,573.55,29490.2,328.6,184.45,280.75,2873.75,5502.65,511.95,234.13,1621.6,1319.45,5339.75,2818.7,157.68,104.72,55.13,5627.3,457.85,1143.65,1296.15,1494.7,369.25,736.75,6108.15,1299.7,1598.25,9669.65,2821.25,785.8,1958.3,3216.9,1807.85,2452.7,341.8,18397.65,614.45,2192.1,3371.9,424.75,167.84,205.25,973.35,732.05,78.68,457.7,1901.1,2241.05,1089.1,1149.3,2734.1,1933.3,4130.55,514.15,4224.65,413.05,469.15,15131.4,43082.8,245.91,77.52,65.08,60.31,524.35,872.45,53.1,230.55,220.68,344,1735,4726.55,330.55,677.6,759.1,1023.25,4363.85,1449.95,777.8,143.44,4795.5,609.45,6329.2,1441.25,2368.85,126362.5,276.45,149.53,2937.55,660.95,1109.8,1178.35,2236.9,1268.2,59.47,2869.25,2237.25,243.05,67.66,758.25,2255.2,481.1,982.8,12518.05,2215.85,3668.4,47941.2,1864.85,6405.95,329.45,1574.4,7208,319.6,1656.25,14684,432.1,723.55,109.09,4520.55,2284.9,3465,9744.2,591.1,482.95,114.17,687.4,4687.2,1071.55,4615.15,61.95,856.85,1027.9,1736.55,6647.55,6890.3,896.6,204.66,4139.7,3001.05,1513.45,3609.65,1066.55,529.55,2128.1,8.27,1824.7,19.96,11730.7